fit_time,score_time,estimator,test_score,model,layer,control,mincount
5.544137239456177,0.002652883529663086,"LogisticRegression(C=10000, max_iter=3000)",0.5936051551806626,bert-base-cased,1,0.04350227420402858,10
5.761086940765381,0.002088308334350586,"LogisticRegression(C=10000, max_iter=3000)",0.6385678291286574,bert-base-cased,1,0.03591151575051246,10
5.682605743408203,0.003495931625366211,"LogisticRegression(C=10000, max_iter=3000)",0.6166245614663879,bert-base-cased,1,0.07706739615924343,10
4.85703706741333,0.0020220279693603516,"LogisticRegression(C=10000, max_iter=3000)",0.6718253698771302,bert-base-cased,1,0.03194307466472618,10
5.308232069015503,0.001995086669921875,"LogisticRegression(C=10000, max_iter=3000)",0.5827932502861594,bert-base-cased,1,0.012814777423450083,10
5.234259843826294,0.0017552375793457031,"LogisticRegression(C=10000, max_iter=3000)",0.6870721870721871,bert-base-cased,1,0.055209481029465775,10
5.131203889846802,0.0019271373748779297,"LogisticRegression(C=10000, max_iter=3000)",0.6002646443680827,bert-base-cased,1,0.06366530254783496,10
5.38352108001709,0.0019850730895996094,"LogisticRegression(C=10000, max_iter=3000)",0.6892141981994651,bert-base-cased,1,0.03581925247092664,10
5.2944629192352295,0.0017600059509277344,"LogisticRegression(C=10000, max_iter=3000)",0.6711745545036253,bert-base-cased,1,0.018869038492596475,10
5.149447917938232,0.001978158950805664,"LogisticRegression(C=10000, max_iter=3000)",0.6123811951680473,bert-base-cased,1,0.046661396097789014,10
5.447979927062988,0.0019719600677490234,"LogisticRegression(C=10000, max_iter=3000)",0.6893783032201112,bert-base-cased,1,0.035142595271905615,10
5.4981420040130615,0.0018851757049560547,"LogisticRegression(C=10000, max_iter=3000)",0.6300894946831929,bert-base-cased,1,0.035896281626831915,10
5.263257741928101,0.0039081573486328125,"LogisticRegression(C=10000, max_iter=3000)",0.6273314276187839,bert-base-cased,1,0.018550126255999347,10
5.334974050521851,0.003612995147705078,"LogisticRegression(C=10000, max_iter=3000)",0.6617330425120975,bert-base-cased,1,0.022647722647722652,10
5.401546955108643,0.001936197280883789,"LogisticRegression(C=10000, max_iter=3000)",0.5999953891021428,bert-base-cased,1,0.053791157344201916,10
5.328420162200928,0.0022039413452148438,"LogisticRegression(C=10000, max_iter=3000)",0.6556428305131783,bert-base-cased,1,0.03596051215098834,10
5.532851934432983,0.0018689632415771484,"LogisticRegression(C=10000, max_iter=3000)",0.5935702407810467,bert-base-cased,1,0.02592502148057704,10
5.305697917938232,0.0025229454040527344,"LogisticRegression(C=10000, max_iter=3000)",0.662254497579445,bert-base-cased,1,0.030463196814852232,10
5.243456125259399,0.0018889904022216797,"LogisticRegression(C=10000, max_iter=3000)",0.657495570273348,bert-base-cased,1,0.030548760058915377,10
4.834980726242065,0.0024080276489257812,"LogisticRegression(C=10000, max_iter=3000)",0.7004182806106845,bert-base-cased,1,0.04735610068943402,10
1.6988861560821533,0.003429889678955078,"LogisticRegression(C=10000, max_iter=3000)",0.8000267233330114,bert-base-cased,6,0.053288974400085516,10
1.8415789604187012,0.003626108169555664,"LogisticRegression(C=10000, max_iter=3000)",0.8211491039140939,bert-base-cased,6,0.02879042471358668,10
1.9061691761016846,0.0027740001678466797,"LogisticRegression(C=10000, max_iter=3000)",0.7854332503253657,bert-base-cased,6,0.018805753453640776,10
1.917445182800293,0.00197601318359375,"LogisticRegression(C=10000, max_iter=3000)",0.8628982383108893,bert-base-cased,6,0.04376416675581942,10
1.7565820217132568,0.0024750232696533203,"LogisticRegression(C=10000, max_iter=3000)",0.7827602356249729,bert-base-cased,6,0.030868925403604947,10
1.7644171714782715,0.0017728805541992188,"LogisticRegression(C=10000, max_iter=3000)",0.7890472447943713,bert-base-cased,6,0.044959410554899985,10
2.0977602005004883,0.006133079528808594,"LogisticRegression(C=10000, max_iter=3000)",0.8361898869306278,bert-base-cased,6,0.03848433690605658,10
1.8045833110809326,0.0036139488220214844,"LogisticRegression(C=10000, max_iter=3000)",0.8215887700953414,bert-base-cased,6,0.025097419129422736,10
1.9208722114562988,0.0020978450775146484,"LogisticRegression(C=10000, max_iter=3000)",0.8190017801128913,bert-base-cased,6,0.0282446741124883,10
2.0608651638031006,0.002313852310180664,"LogisticRegression(C=10000, max_iter=3000)",0.7619419552830431,bert-base-cased,6,0.029801515472389715,10
2.1285459995269775,0.0019221305847167969,"LogisticRegression(C=10000, max_iter=3000)",0.8158349860320302,bert-base-cased,6,0.026995269524005158,10
2.045400857925415,0.0015931129455566406,"LogisticRegression(C=10000, max_iter=3000)",0.7796808695419806,bert-base-cased,6,0.04833147030330129,10
2.0968523025512695,0.0019567012786865234,"LogisticRegression(C=10000, max_iter=3000)",0.8043470746696552,bert-base-cased,6,0.02644830531109637,10
1.9883530139923096,0.0019521713256835938,"LogisticRegression(C=10000, max_iter=3000)",0.7729017335619589,bert-base-cased,6,0.02524998603429976,10
1.9303638935089111,0.0019159317016601562,"LogisticRegression(C=10000, max_iter=3000)",0.7628900222055058,bert-base-cased,6,0.028862841267212853,10
2.0042638778686523,0.002003908157348633,"LogisticRegression(C=10000, max_iter=3000)",0.8229356739989955,bert-base-cased,6,0.032715764920066,10
2.1622462272644043,0.002106904983520508,"LogisticRegression(C=10000, max_iter=3000)",0.7402150318180232,bert-base-cased,6,0.042801489607554664,10
2.0765669345855713,0.0019221305847167969,"LogisticRegression(C=10000, max_iter=3000)",0.8316036185022058,bert-base-cased,6,0.014978848312181646,10
1.9577810764312744,0.0025997161865234375,"LogisticRegression(C=10000, max_iter=3000)",0.8069867837080951,bert-base-cased,6,0.04819553866388658,10
1.8132150173187256,0.0032989978790283203,"LogisticRegression(C=10000, max_iter=3000)",0.8405022780747406,bert-base-cased,6,0.03103378103378103,10
5.053905725479126,0.002454042434692383,"LogisticRegression(C=10000, max_iter=3000)",0.7338993938723486,bert-base-cased,12,0.023826323496108855,10
10.665189981460571,0.04619097709655762,"LogisticRegression(C=10000, max_iter=3000)",0.8302848351613278,bert-base-cased,12,0.026570883876819947,10
6.1200761795043945,0.0031790733337402344,"LogisticRegression(C=10000, max_iter=3000)",0.824576513174956,bert-base-cased,12,0.03686837503284573,10
2.0261147022247314,0.0020322799682617188,"LogisticRegression(C=10000, max_iter=3000)",0.8063473974585086,bert-base-cased,12,0.047883589198143194,10
2.9294090270996094,0.013498783111572266,"LogisticRegression(C=10000, max_iter=3000)",0.8209021818035518,bert-base-cased,12,0.04325061707098393,10
2.8430659770965576,0.002009153366088867,"LogisticRegression(C=10000, max_iter=3000)",0.8283604220385828,bert-base-cased,12,0.021986206504948605,10
3.5104410648345947,0.0038399696350097656,"LogisticRegression(C=10000, max_iter=3000)",0.828016798016798,bert-base-cased,12,0.036491257370887,10
3.929399013519287,0.001783132553100586,"LogisticRegression(C=10000, max_iter=3000)",0.8300573877987356,bert-base-cased,12,0.04335032001698668,10
1.7262868881225586,0.001993894577026367,"LogisticRegression(C=10000, max_iter=3000)",0.7488798045153522,bert-base-cased,12,0.023171606778164152,10
1.9823949337005615,0.002702951431274414,"LogisticRegression(C=10000, max_iter=3000)",0.8185973392066581,bert-base-cased,12,0.034791163149372105,10
1.9068610668182373,0.002471923828125,"LogisticRegression(C=10000, max_iter=3000)",0.8425613814535319,bert-base-cased,12,0.036989148680690975,10
1.4714879989624023,0.002550840377807617,"LogisticRegression(C=10000, max_iter=3000)",0.7875994779044888,bert-base-cased,12,0.03861609926424742,10
1.7438850402832031,0.0037539005279541016,"LogisticRegression(C=10000, max_iter=3000)",0.7978382290122332,bert-base-cased,12,0.019782480893592,10
2.650247097015381,0.0019257068634033203,"LogisticRegression(C=10000, max_iter=3000)",0.8476104389281703,bert-base-cased,12,0.024200297457300117,10
1.7410433292388916,0.0020177364349365234,"LogisticRegression(C=10000, max_iter=3000)",0.7784678257066316,bert-base-cased,12,0.03422290756467536,10
1.3844621181488037,0.0035538673400878906,"LogisticRegression(C=10000, max_iter=3000)",0.8048326776104553,bert-base-cased,12,0.024614305008247652,10
1.351020097732544,0.0017228126525878906,"LogisticRegression(C=10000, max_iter=3000)",0.7730461073318216,bert-base-cased,12,0.03662139571587287,10
1.5180437564849854,0.0019042491912841797,"LogisticRegression(C=10000, max_iter=3000)",0.8081993972949064,bert-base-cased,12,0.02463269800014439,10
1.8665390014648438,0.001956939697265625,"LogisticRegression(C=10000, max_iter=3000)",0.8086528131519025,bert-base-cased,12,0.032726902215049106,10
1.6786751747131348,0.0020558834075927734,"LogisticRegression(C=10000, max_iter=3000)",0.8475937403350882,bert-base-cased,12,0.036704182560344197,10
4.402155160903931,0.0030410289764404297,"LogisticRegression(C=10000, max_iter=3000)",0.6039023813600084,bert-large-cased,1,0.03335418569807994,10
4.49985408782959,0.0022339820861816406,"LogisticRegression(C=10000, max_iter=3000)",0.636974290817757,bert-large-cased,1,0.03185076572173346,10
4.516906023025513,0.003905057907104492,"LogisticRegression(C=10000, max_iter=3000)",0.5781960757471579,bert-large-cased,1,0.03616468309562938,10
7.88126802444458,0.0019669532775878906,"LogisticRegression(C=10000, max_iter=3000)",0.6987176806017387,bert-large-cased,1,0.03210743667284493,10
4.726680040359497,0.002346038818359375,"LogisticRegression(C=10000, max_iter=3000)",0.625137500227106,bert-large-cased,1,0.02497812081990581,10
5.2933361530303955,0.0016870498657226562,"LogisticRegression(C=10000, max_iter=3000)",0.6890054121829389,bert-large-cased,1,0.02667164111608556,10
5.328578948974609,0.0024390220642089844,"LogisticRegression(C=10000, max_iter=3000)",0.630004459575304,bert-large-cased,1,0.03253794593732833,10
5.656592845916748,0.0025479793548583984,"LogisticRegression(C=10000, max_iter=3000)",0.6773660673826511,bert-large-cased,1,0.019534749926906788,10
5.132413148880005,0.002028942108154297,"LogisticRegression(C=10000, max_iter=3000)",0.6391087192584434,bert-large-cased,1,0.029353895859409722,10
4.761881113052368,0.0029859542846679688,"LogisticRegression(C=10000, max_iter=3000)",0.6379776462638986,bert-large-cased,1,0.02883652295417001,10
5.018013000488281,0.0020558834075927734,"LogisticRegression(C=10000, max_iter=3000)",0.6696653774894514,bert-large-cased,1,0.05004860247141067,10
6.1762871742248535,0.002073049545288086,"LogisticRegression(C=10000, max_iter=3000)",0.6999725388553154,bert-large-cased,1,0.04592411987048003,10
6.424731969833374,0.0035419464111328125,"LogisticRegression(C=10000, max_iter=3000)",0.638537285759508,bert-large-cased,1,0.05313775841892805,10
5.321878910064697,0.0023241043090820312,"LogisticRegression(C=10000, max_iter=3000)",0.6108068409195624,bert-large-cased,1,0.048086638711059504,10
5.508069753646851,0.002432107925415039,"LogisticRegression(C=10000, max_iter=3000)",0.6250551222683507,bert-large-cased,1,0.047082296234838596,10
6.130961179733276,0.002263784408569336,"LogisticRegression(C=10000, max_iter=3000)",0.6671589727145283,bert-large-cased,1,0.019067965461727645,10
5.1891257762908936,0.008802175521850586,"LogisticRegression(C=10000, max_iter=3000)",0.6248760628744288,bert-large-cased,1,0.045690184905871185,10
4.653047800064087,0.0037279129028320312,"LogisticRegression(C=10000, max_iter=3000)",0.6988432682187323,bert-large-cased,1,0.00869184455391352,10
5.708371877670288,0.002110004425048828,"LogisticRegression(C=10000, max_iter=3000)",0.665339619228508,bert-large-cased,1,0.055668024785671844,10
5.532910108566284,0.0020508766174316406,"LogisticRegression(C=10000, max_iter=3000)",0.6582840825099476,bert-large-cased,1,0.04538342979203194,10
2.842184066772461,0.0021381378173828125,"LogisticRegression(C=10000, max_iter=3000)",0.7856338166795683,bert-large-cased,6,0.02769216734733976,10
2.8183469772338867,0.0023322105407714844,"LogisticRegression(C=10000, max_iter=3000)",0.7692189745611787,bert-large-cased,6,0.016066762254126087,10
2.966897964477539,0.0018858909606933594,"LogisticRegression(C=10000, max_iter=3000)",0.781086012709018,bert-large-cased,6,0.02129313374095158,10
3.0625157356262207,0.0021851062774658203,"LogisticRegression(C=10000, max_iter=3000)",0.7925855635243627,bert-large-cased,6,0.04476178885270748,10
3.1924149990081787,0.0021851062774658203,"LogisticRegression(C=10000, max_iter=3000)",0.7942662658845552,bert-large-cased,6,0.029710095849942598,10
3.003854990005493,0.0017311573028564453,"LogisticRegression(C=10000, max_iter=3000)",0.7839603433170685,bert-large-cased,6,0.04082711671720035,10
3.034388780593872,0.0021681785583496094,"LogisticRegression(C=10000, max_iter=3000)",0.74384043758607,bert-large-cased,6,0.03356417245306134,10
2.76271390914917,0.0063021183013916016,"LogisticRegression(C=10000, max_iter=3000)",0.7787897126015803,bert-large-cased,6,0.019235621492483927,10
2.904360055923462,0.0029058456420898438,"LogisticRegression(C=10000, max_iter=3000)",0.7397280518611754,bert-large-cased,6,0.020633983596946556,10
2.838468313217163,0.002283811569213867,"LogisticRegression(C=10000, max_iter=3000)",0.7739408214887142,bert-large-cased,6,0.03182817308453981,10
3.032942056655884,0.002001047134399414,"LogisticRegression(C=10000, max_iter=3000)",0.7987413540011152,bert-large-cased,6,0.05529813122405715,10
3.050884962081909,0.0026581287384033203,"LogisticRegression(C=10000, max_iter=3000)",0.7560646055483603,bert-large-cased,6,0.02771846169046161,10
3.1066699028015137,0.002274036407470703,"LogisticRegression(C=10000, max_iter=3000)",0.7909751690428019,bert-large-cased,6,0.03708027535984525,10
3.0260188579559326,0.002269268035888672,"LogisticRegression(C=10000, max_iter=3000)",0.7449117412080376,bert-large-cased,6,0.015313342899549796,10
2.7983410358428955,0.001895904541015625,"LogisticRegression(C=10000, max_iter=3000)",0.7262260820308946,bert-large-cased,6,0.04154752279005564,10
3.9056360721588135,0.002148866653442383,"LogisticRegression(C=10000, max_iter=3000)",0.7887997655219382,bert-large-cased,6,0.042745989266952694,10
3.1983542442321777,0.0026650428771972656,"LogisticRegression(C=10000, max_iter=3000)",0.7766107077576612,bert-large-cased,6,0.017128969126331103,10
2.822680950164795,0.0036280155181884766,"LogisticRegression(C=10000, max_iter=3000)",0.8119596383791472,bert-large-cased,6,0.01816977052381949,10
2.6650760173797607,0.0027611255645751953,"LogisticRegression(C=10000, max_iter=3000)",0.8169161173923079,bert-large-cased,6,0.021843393484994506,10
2.8514349460601807,0.0018658638000488281,"LogisticRegression(C=10000, max_iter=3000)",0.7917913268544325,bert-large-cased,6,0.023162274730151186,10
1.704698085784912,0.0027360916137695312,"LogisticRegression(C=10000, max_iter=3000)",0.7924979418225605,bert-large-cased,12,0.024577274577274582,10
1.838841199874878,0.0029256343841552734,"LogisticRegression(C=10000, max_iter=3000)",0.8339081045880343,bert-large-cased,12,0.027411239399543492,10
1.7738580703735352,0.0026047229766845703,"LogisticRegression(C=10000, max_iter=3000)",0.8010645480431055,bert-large-cased,12,0.018413561746895082,10
1.9870169162750244,0.0020563602447509766,"LogisticRegression(C=10000, max_iter=3000)",0.8319789341463386,bert-large-cased,12,0.03266131864350336,10
1.7259681224822998,0.002123117446899414,"LogisticRegression(C=10000, max_iter=3000)",0.848176922584937,bert-large-cased,12,0.03554230213580521,10
1.8373091220855713,0.0017609596252441406,"LogisticRegression(C=10000, max_iter=3000)",0.8383482075269515,bert-large-cased,12,0.04375311393625213,10
1.610314130783081,0.0028727054595947266,"LogisticRegression(C=10000, max_iter=3000)",0.8523589823024851,bert-large-cased,12,0.024785238831360426,10
1.5870299339294434,0.0035791397094726562,"LogisticRegression(C=10000, max_iter=3000)",0.8307666955815103,bert-large-cased,12,0.0199558656885549,10
1.7118721008300781,0.0019490718841552734,"LogisticRegression(C=10000, max_iter=3000)",0.8422652388403343,bert-large-cased,12,0.022879906796700298,10
1.7145981788635254,0.002725839614868164,"LogisticRegression(C=10000, max_iter=3000)",0.8373253807124776,bert-large-cased,12,0.033218663657755734,10
2.0315358638763428,0.0026979446411132812,"LogisticRegression(C=10000, max_iter=3000)",0.8403049311835757,bert-large-cased,12,0.01492437603548715,10
1.8120508193969727,0.002115964889526367,"LogisticRegression(C=10000, max_iter=3000)",0.8365980193049909,bert-large-cased,12,0.03697535955142446,10
1.8561229705810547,0.003930091857910156,"LogisticRegression(C=10000, max_iter=3000)",0.8026831059439755,bert-large-cased,12,0.03351311372816749,10
1.6386370658874512,0.002516031265258789,"LogisticRegression(C=10000, max_iter=3000)",0.8254838988172322,bert-large-cased,12,0.02322494908701805,10
1.6498570442199707,0.003490924835205078,"LogisticRegression(C=10000, max_iter=3000)",0.7879806857019663,bert-large-cased,12,0.021206139942523385,10
1.961395025253296,0.0020439624786376953,"LogisticRegression(C=10000, max_iter=3000)",0.8192776390970751,bert-large-cased,12,0.026649463671321594,10
2.1793720722198486,0.002177000045776367,"LogisticRegression(C=10000, max_iter=3000)",0.7896492259455222,bert-large-cased,12,0.050323788670852174,10
1.7074718475341797,0.002145051956176758,"LogisticRegression(C=10000, max_iter=3000)",0.8676905758850203,bert-large-cased,12,0.03988881443088612,10
1.8139958381652832,0.0019779205322265625,"LogisticRegression(C=10000, max_iter=3000)",0.8818342151675483,bert-large-cased,12,0.022513399627827488,10
1.8700711727142334,0.0021648406982421875,"LogisticRegression(C=10000, max_iter=3000)",0.8420016062347015,bert-large-cased,12,0.018933713838383742,10
1.3769989013671875,0.002110004425048828,"LogisticRegression(C=10000, max_iter=3000)",0.7922308418378491,bert-large-cased,18,0.03409849007217751,10
1.1881520748138428,0.006937742233276367,"LogisticRegression(C=10000, max_iter=3000)",0.8259862107517691,bert-large-cased,18,0.03354518854719574,10
2.2586090564727783,0.002707958221435547,"LogisticRegression(C=10000, max_iter=3000)",0.846517492169666,bert-large-cased,18,0.03609042672135651,10
2.3055419921875,0.0025157928466796875,"LogisticRegression(C=10000, max_iter=3000)",0.8586725620058954,bert-large-cased,18,0.034681152641351645,10
1.1872718334197998,0.0024051666259765625,"LogisticRegression(C=10000, max_iter=3000)",0.8277015856303296,bert-large-cased,18,0.01468067665250764,10
1.3053040504455566,0.0019428730010986328,"LogisticRegression(C=10000, max_iter=3000)",0.8476680521124966,bert-large-cased,18,0.03168800579572805,10
1.1275439262390137,0.002151012420654297,"LogisticRegression(C=10000, max_iter=3000)",0.8272363754811418,bert-large-cased,18,0.03696170551383296,10
1.0192499160766602,0.0019350051879882812,"LogisticRegression(C=10000, max_iter=3000)",0.8374424305159262,bert-large-cased,18,0.036799620132953466,10
1.2845911979675293,0.002106904983520508,"LogisticRegression(C=10000, max_iter=3000)",0.8241794830683719,bert-large-cased,18,0.03005061673792324,10
1.176220178604126,0.003262042999267578,"LogisticRegression(C=10000, max_iter=3000)",0.8409401246578047,bert-large-cased,18,0.033410807823601424,10
1.951991081237793,0.006665945053100586,"LogisticRegression(C=10000, max_iter=3000)",0.8374324521341178,bert-large-cased,18,0.02979615321387473,10
1.4756500720977783,0.0021009445190429688,"LogisticRegression(C=10000, max_iter=3000)",0.8233480777271628,bert-large-cased,18,0.01792716191450369,10
1.2406880855560303,0.0022346973419189453,"LogisticRegression(C=10000, max_iter=3000)",0.8361038591634404,bert-large-cased,18,0.02726529151649925,10
1.2452902793884277,0.0022389888763427734,"LogisticRegression(C=10000, max_iter=3000)",0.8182195993307104,bert-large-cased,18,0.03169585841999636,10
1.2022850513458252,0.002329111099243164,"LogisticRegression(C=10000, max_iter=3000)",0.7988677320621765,bert-large-cased,18,0.02772017681587986,10
1.5139179229736328,0.002458810806274414,"LogisticRegression(C=10000, max_iter=3000)",0.8648421260989566,bert-large-cased,18,0.018770444872139788,10
1.2492287158966064,0.0032923221588134766,"LogisticRegression(C=10000, max_iter=3000)",0.8246227646988549,bert-large-cased,18,0.03704987949566044,10
1.3197870254516602,0.0020520687103271484,"LogisticRegression(C=10000, max_iter=3000)",0.8453635116598078,bert-large-cased,18,0.010442444851047002,10
1.3634331226348877,0.002131938934326172,"LogisticRegression(C=10000, max_iter=3000)",0.8173337109138326,bert-large-cased,18,0.020480710360915425,10
1.3767762184143066,0.0018792152404785156,"LogisticRegression(C=10000, max_iter=3000)",0.8975222671041071,bert-large-cased,18,0.022690272690272687,10
0.8086903095245361,0.002187013626098633,"LogisticRegression(C=10000, max_iter=3000)",0.7951155428933206,bert-large-cased,24,0.03447609252540258,10
0.8320698738098145,0.0027742385864257812,"LogisticRegression(C=10000, max_iter=3000)",0.8172256923983227,bert-large-cased,24,0.03640531645347606,10
1.0281729698181152,0.0018470287322998047,"LogisticRegression(C=10000, max_iter=3000)",0.8175837825581089,bert-large-cased,24,0.04426362389325352,10
0.9330189228057861,0.0025000572204589844,"LogisticRegression(C=10000, max_iter=3000)",0.8444520533722011,bert-large-cased,24,0.03602241380019158,10
0.8999249935150146,0.0024268627166748047,"LogisticRegression(C=10000, max_iter=3000)",0.8170192649441846,bert-large-cased,24,0.027903578672843692,10
0.8599920272827148,0.0022211074829101562,"LogisticRegression(C=10000, max_iter=3000)",0.8756984550854282,bert-large-cased,24,0.031480435431052715,10
0.8126039505004883,0.002337932586669922,"LogisticRegression(C=10000, max_iter=3000)",0.8609673552150184,bert-large-cased,24,0.04959928040758593,10
0.8335049152374268,0.0019378662109375,"LogisticRegression(C=10000, max_iter=3000)",0.8685772204460229,bert-large-cased,24,0.027574456318417675,10
0.7909643650054932,0.0024247169494628906,"LogisticRegression(C=10000, max_iter=3000)",0.8213502591521914,bert-large-cased,24,0.01991024501317862,10
0.8197648525238037,0.002885103225708008,"LogisticRegression(C=10000, max_iter=3000)",0.8248848100335652,bert-large-cased,24,0.027261633892458267,10
0.9116160869598389,0.0048999786376953125,"LogisticRegression(C=10000, max_iter=3000)",0.844652304921639,bert-large-cased,24,0.019114887170442723,10
0.8456408977508545,0.002183198928833008,"LogisticRegression(C=10000, max_iter=3000)",0.8667923722143516,bert-large-cased,24,0.02399709392266956,10
0.7982652187347412,0.002893686294555664,"LogisticRegression(C=10000, max_iter=3000)",0.8109000357309535,bert-large-cased,24,0.03060497861696119,10
0.9513218402862549,0.002070903778076172,"LogisticRegression(C=10000, max_iter=3000)",0.8216297968149822,bert-large-cased,24,0.019645286311952975,10
0.8185420036315918,0.0021359920501708984,"LogisticRegression(C=10000, max_iter=3000)",0.7897637896754337,bert-large-cased,24,0.03822172340690858,10
1.3400647640228271,0.002145051956176758,"LogisticRegression(C=10000, max_iter=3000)",0.8788497824254535,bert-large-cased,24,0.04066911597775796,10
1.169433832168579,0.0031690597534179688,"LogisticRegression(C=10000, max_iter=3000)",0.8380558783376819,bert-large-cased,24,0.04454393343282232,10
0.8621890544891357,0.002500772476196289,"LogisticRegression(C=10000, max_iter=3000)",0.843235987263765,bert-large-cased,24,0.031700842611227575,10
1.347640037536621,0.0018219947814941406,"LogisticRegression(C=10000, max_iter=3000)",0.8620422375977931,bert-large-cased,24,0.02673717793543502,10
0.9629900455474854,0.002593994140625,"LogisticRegression(C=10000, max_iter=3000)",0.9139991830337915,bert-large-cased,24,0.030436928883762815,10
7.436470031738281,0.0033521652221679688,"LogisticRegression(C=10000, max_iter=3000)",0.6036907125796015,roberta-base,1,0.03251028806584362,10
8.269257068634033,0.002218008041381836,"LogisticRegression(C=10000, max_iter=3000)",0.6308226555087392,roberta-base,1,0.031271620082214784,10
7.305979251861572,0.0020678043365478516,"LogisticRegression(C=10000, max_iter=3000)",0.5990631373159554,roberta-base,1,0.056300729172592975,10
8.044095039367676,0.0019598007202148438,"LogisticRegression(C=10000, max_iter=3000)",0.6622149916835909,roberta-base,1,0.03582461679945957,10
8.352935791015625,0.0027611255645751953,"LogisticRegression(C=10000, max_iter=3000)",0.6272042574165818,roberta-base,1,0.026706965417404714,10
8.215683937072754,0.001992940902709961,"LogisticRegression(C=10000, max_iter=3000)",0.6701433653124474,roberta-base,1,0.028001353927279853,10
7.582472801208496,0.0020220279693603516,"LogisticRegression(C=10000, max_iter=3000)",0.6106147688102789,roberta-base,1,0.03584021215267512,10
7.558238983154297,0.002501964569091797,"LogisticRegression(C=10000, max_iter=3000)",0.6692220325995891,roberta-base,1,0.01464798131464798,10
7.692368984222412,0.002110004425048828,"LogisticRegression(C=10000, max_iter=3000)",0.6809175937986532,roberta-base,1,0.020843681158511318,10
6.918675899505615,0.0051991939544677734,"LogisticRegression(C=10000, max_iter=3000)",0.6614174460308613,roberta-base,1,0.028953556731334505,10
7.689136981964111,0.0019559860229492188,"LogisticRegression(C=10000, max_iter=3000)",0.6700375484022607,roberta-base,1,0.036769016868519355,10
8.31816816329956,0.0029976367950439453,"LogisticRegression(C=10000, max_iter=3000)",0.6497776278851904,roberta-base,1,0.018005756066184916,10
7.611735105514526,0.0019080638885498047,"LogisticRegression(C=10000, max_iter=3000)",0.7076010968576328,roberta-base,1,0.03546727272905464,10
7.826718091964722,0.002104043960571289,"LogisticRegression(C=10000, max_iter=3000)",0.7081726092837205,roberta-base,1,0.03937563418113021,10
7.557801008224487,0.0029718875885009766,"LogisticRegression(C=10000, max_iter=3000)",0.6301205856786825,roberta-base,1,0.0418903736473781,10
8.201581001281738,0.0021288394927978516,"LogisticRegression(C=10000, max_iter=3000)",0.6805205585517614,roberta-base,1,0.031332658918865816,10
8.131142139434814,0.0018067359924316406,"LogisticRegression(C=10000, max_iter=3000)",0.629277718166607,roberta-base,1,0.03076498687338172,10
7.668349266052246,0.0023097991943359375,"LogisticRegression(C=10000, max_iter=3000)",0.6814384505160186,roberta-base,1,0.026827902144897737,10
7.318932294845581,0.001955747604370117,"LogisticRegression(C=10000, max_iter=3000)",0.714633091542332,roberta-base,1,0.017491897043717772,10
8.369554996490479,0.0023288726806640625,"LogisticRegression(C=10000, max_iter=3000)",0.6645025284404101,roberta-base,1,0.01747195676931738,10
2.583740234375,0.0018489360809326172,"LogisticRegression(C=10000, max_iter=3000)",0.7559750093210242,roberta-base,6,0.03415429756223728,10
2.5215649604797363,0.0033440589904785156,"LogisticRegression(C=10000, max_iter=3000)",0.8401996384833913,roberta-base,6,0.05213887508969476,10
2.7442009449005127,0.0019490718841552734,"LogisticRegression(C=10000, max_iter=3000)",0.8030333452555675,roberta-base,6,0.03850713387446843,10
2.550337791442871,0.0019729137420654297,"LogisticRegression(C=10000, max_iter=3000)",0.8116727922283479,roberta-base,6,0.02459748961498087,10
2.470162868499756,0.001959085464477539,"LogisticRegression(C=10000, max_iter=3000)",0.7965362145475239,roberta-base,6,0.018835088398915373,10
2.508286237716675,0.0020139217376708984,"LogisticRegression(C=10000, max_iter=3000)",0.8223688592568066,roberta-base,6,0.02871755105055205,10
2.4438600540161133,0.0020830631256103516,"LogisticRegression(C=10000, max_iter=3000)",0.8683795216306737,roberta-base,6,0.05685920117793012,10
2.6275198459625244,0.0020089149475097656,"LogisticRegression(C=10000, max_iter=3000)",0.8218155099056456,roberta-base,6,0.034033886239587974,10
2.5678608417510986,0.0019941329956054688,"LogisticRegression(C=10000, max_iter=3000)",0.8096832679951876,roberta-base,6,0.023440756774090108,10
2.397757053375244,0.0018990039825439453,"LogisticRegression(C=10000, max_iter=3000)",0.8303395651584057,roberta-base,6,0.030637902464805914,10
2.8823530673980713,0.002117156982421875,"LogisticRegression(C=10000, max_iter=3000)",0.8266900230771396,roberta-base,6,0.025646945646945647,10
2.8936679363250732,0.002707958221435547,"LogisticRegression(C=10000, max_iter=3000)",0.7967624000303739,roberta-base,6,0.04762171984394206,10
3.7070059776306152,0.0017669200897216797,"LogisticRegression(C=10000, max_iter=3000)",0.7927768652889425,roberta-base,6,0.05534412162092474,10
2.755208969116211,0.0027561187744140625,"LogisticRegression(C=10000, max_iter=3000)",0.8007884472963838,roberta-base,6,0.02620059169766772,10
2.4568090438842773,0.0023729801177978516,"LogisticRegression(C=10000, max_iter=3000)",0.8203679892881369,roberta-base,6,0.04836788789102955,10
2.6846747398376465,0.0036182403564453125,"LogisticRegression(C=10000, max_iter=3000)",0.8337202792210172,roberta-base,6,0.0176705324853473,10
2.540415048599243,0.003618001937866211,"LogisticRegression(C=10000, max_iter=3000)",0.7405351559599926,roberta-base,6,0.04828886542881659,10
2.8259289264678955,0.0019161701202392578,"LogisticRegression(C=10000, max_iter=3000)",0.8057175082902597,roberta-base,6,0.045193949691304185,10
2.663034200668335,0.0020978450775146484,"LogisticRegression(C=10000, max_iter=3000)",0.8603223956449763,roberta-base,6,0.032640373424687154,10
2.8595988750457764,0.0019550323486328125,"LogisticRegression(C=10000, max_iter=3000)",0.8004892814416623,roberta-base,6,0.013110839777506444,10
3.3497579097747803,0.003679037094116211,"LogisticRegression(C=10000, max_iter=3000)",0.8180211412891152,roberta-base,12,0.03797623788663215,10
2.7305948734283447,0.003628969192504883,"LogisticRegression(C=10000, max_iter=3000)",0.8582916279710763,roberta-base,12,0.05012067205049662,10
5.925691843032837,0.0018990039825439453,"LogisticRegression(C=10000, max_iter=3000)",0.8290075055856053,roberta-base,12,0.0434897833271817,10
5.556627988815308,0.0018870830535888672,"LogisticRegression(C=10000, max_iter=3000)",0.8245102421732858,roberta-base,12,0.036338860692308975,10
3.1939857006073,0.002900362014770508,"LogisticRegression(C=10000, max_iter=3000)",0.8238561289607989,roberta-base,12,0.020985230086228976,10
2.922211170196533,0.0022978782653808594,"LogisticRegression(C=10000, max_iter=3000)",0.8569463020899583,roberta-base,12,0.027590667397430685,10
2.881164073944092,0.0019152164459228516,"LogisticRegression(C=10000, max_iter=3000)",0.8614397773531484,roberta-base,12,0.019557968710511082,10
2.904228925704956,0.0019309520721435547,"LogisticRegression(C=10000, max_iter=3000)",0.8058375183823213,roberta-base,12,0.028978052126200277,10
3.3158819675445557,0.0019278526306152344,"LogisticRegression(C=10000, max_iter=3000)",0.8452510313226766,roberta-base,12,0.01753832035674854,10
2.8411760330200195,0.0019299983978271484,"LogisticRegression(C=10000, max_iter=3000)",0.8052158684295546,roberta-base,12,0.030165997379112137,10
3.414473295211792,0.0019598007202148438,"LogisticRegression(C=10000, max_iter=3000)",0.8217334810460707,roberta-base,12,0.03051888173710755,10
3.5995798110961914,0.0019960403442382812,"LogisticRegression(C=10000, max_iter=3000)",0.8373826648374342,roberta-base,12,0.03797844400627586,10
3.304664134979248,0.0019159317016601562,"LogisticRegression(C=10000, max_iter=3000)",0.8389408969541821,roberta-base,12,0.025377563205721862,10
5.213882207870483,0.0018949508666992188,"LogisticRegression(C=10000, max_iter=3000)",0.8312455599955599,roberta-base,12,0.036149236755022,10
3.4610707759857178,0.0036170482635498047,"LogisticRegression(C=10000, max_iter=3000)",0.7720292062642788,roberta-base,12,0.05398545495474643,10
5.516718864440918,0.003625154495239258,"LogisticRegression(C=10000, max_iter=3000)",0.8459327298216187,roberta-base,12,0.03157513917747836,10
5.7407848834991455,0.0035920143127441406,"LogisticRegression(C=10000, max_iter=3000)",0.7713852750372359,roberta-base,12,0.020203819638847893,10
5.584418058395386,0.0020868778228759766,"LogisticRegression(C=10000, max_iter=3000)",0.8673760829117972,roberta-base,12,0.013927986605582234,10
3.3181278705596924,0.0027930736541748047,"LogisticRegression(C=10000, max_iter=3000)",0.8475813692480358,roberta-base,12,0.024896251051999822,10
3.235452175140381,0.001954793930053711,"LogisticRegression(C=10000, max_iter=3000)",0.8522752781794175,roberta-base,12,0.037992816196307046,10
10.005115985870361,0.0021419525146484375,"LogisticRegression(C=10000, max_iter=3000)",0.2835401428808462,roberta-large,1,0.04157515064283902,10
9.744327068328857,0.0023789405822753906,"LogisticRegression(C=10000, max_iter=3000)",0.2987973634167898,roberta-large,1,0.015853350110842497,10
9.748342037200928,0.0023288726806640625,"LogisticRegression(C=10000, max_iter=3000)",0.3329266499766916,roberta-large,1,0.023716752502798078,10
10.72740387916565,0.001950979232788086,"LogisticRegression(C=10000, max_iter=3000)",0.3264893317200687,roberta-large,1,0.04626335821987996,10
9.84543490409851,0.0022840499877929688,"LogisticRegression(C=10000, max_iter=3000)",0.2949266645562941,roberta-large,1,0.026931934542784832,10
9.921746969223022,0.0021209716796875,"LogisticRegression(C=10000, max_iter=3000)",0.2852820596781949,roberta-large,1,0.04759161706952872,10
9.626831769943237,0.0021321773529052734,"LogisticRegression(C=10000, max_iter=3000)",0.28037853256036516,roberta-large,1,0.043359722605787236,10
10.081057071685791,0.002341747283935547,"LogisticRegression(C=10000, max_iter=3000)",0.4051934622618579,roberta-large,1,0.02414706249128907,10
9.702202081680298,0.0023660659790039062,"LogisticRegression(C=10000, max_iter=3000)",0.3197317544982602,roberta-large,1,0.01796972374562732,10
9.397548913955688,0.003687143325805664,"LogisticRegression(C=10000, max_iter=3000)",0.35066749295614036,roberta-large,1,0.035027083838628834,10
10.006753921508789,0.0023300647735595703,"LogisticRegression(C=10000, max_iter=3000)",0.28692546004373964,roberta-large,1,0.018307317494309364,10
9.60846209526062,0.0022192001342773438,"LogisticRegression(C=10000, max_iter=3000)",0.42362118771172996,roberta-large,1,0.023010973936899864,10
9.024900197982788,0.002425670623779297,"LogisticRegression(C=10000, max_iter=3000)",0.41391186906762456,roberta-large,1,0.02911969940955448,10
10.596044063568115,0.002134084701538086,"LogisticRegression(C=10000, max_iter=3000)",0.34398000309324306,roberta-large,1,0.030310198153335407,10
9.805682897567749,0.0021407604217529297,"LogisticRegression(C=10000, max_iter=3000)",0.3021948763380025,roberta-large,1,0.03199452337510352,10
9.946676015853882,0.002149820327758789,"LogisticRegression(C=10000, max_iter=3000)",0.3098018799738377,roberta-large,1,0.01338171374601247,10
11.098092079162598,0.0021369457244873047,"LogisticRegression(C=10000, max_iter=3000)",0.3710831648107635,roberta-large,1,0.041775773390072116,10
9.72206997871399,0.0021827220916748047,"LogisticRegression(C=10000, max_iter=3000)",0.3005380945756733,roberta-large,1,0.029164217127180096,10
8.927966117858887,0.002310037612915039,"LogisticRegression(C=10000, max_iter=3000)",0.29920816230597536,roberta-large,1,0.017540924482190693,10
9.925595045089722,0.002301931381225586,"LogisticRegression(C=10000, max_iter=3000)",0.294672846205521,roberta-large,1,0.030714184354031098,10
2.600872039794922,0.002332925796508789,"LogisticRegression(C=10000, max_iter=3000)",0.8025199620842323,roberta-large,6,0.03252632141521031,10
2.600269079208374,0.002173900604248047,"LogisticRegression(C=10000, max_iter=3000)",0.8097829007665074,roberta-large,6,0.03315311147733734,10
2.5735418796539307,0.002412080764770508,"LogisticRegression(C=10000, max_iter=3000)",0.8109211445240395,roberta-large,6,0.03282444247961489,10
2.6516261100769043,0.0026209354400634766,"LogisticRegression(C=10000, max_iter=3000)",0.8110153375431153,roberta-large,6,0.028410803031325194,10
2.404298782348633,0.002160310745239258,"LogisticRegression(C=10000, max_iter=3000)",0.8344897283786173,roberta-large,6,0.016642698864921087,10
2.437267303466797,0.002130746841430664,"LogisticRegression(C=10000, max_iter=3000)",0.7984646484297079,roberta-large,6,0.021772253247663083,10
4.516089200973511,0.002330780029296875,"LogisticRegression(C=10000, max_iter=3000)",0.8317446769260409,roberta-large,6,0.02310718220219549,10
2.354621171951294,0.0021429061889648438,"LogisticRegression(C=10000, max_iter=3000)",0.8131251862434659,roberta-large,6,0.01675614690320573,10
2.5047459602355957,0.001920938491821289,"LogisticRegression(C=10000, max_iter=3000)",0.8144177221954999,roberta-large,6,0.011712962962962965,10
2.41835880279541,0.002134084701538086,"LogisticRegression(C=10000, max_iter=3000)",0.8036541236541238,roberta-large,6,0.036893416195141554,10
2.4615211486816406,0.0023088455200195312,"LogisticRegression(C=10000, max_iter=3000)",0.7994832011771009,roberta-large,6,0.031109404335210786,10
2.4533467292785645,0.0021131038665771484,"LogisticRegression(C=10000, max_iter=3000)",0.8398165915605824,roberta-large,6,0.021089786931571923,10
2.9353160858154297,0.0035440921783447266,"LogisticRegression(C=10000, max_iter=3000)",0.8038018462328068,roberta-large,6,0.01995863091753503,10
2.5204219818115234,0.003943920135498047,"LogisticRegression(C=10000, max_iter=3000)",0.8153390908292869,roberta-large,6,0.035346837070975,10
2.4758830070495605,0.0023736953735351562,"LogisticRegression(C=10000, max_iter=3000)",0.7700502938247453,roberta-large,6,0.039319939319939316,10
2.6087160110473633,0.0023620128631591797,"LogisticRegression(C=10000, max_iter=3000)",0.8261660553903739,roberta-large,6,0.029824989824989826,10
2.5849721431732178,0.002149820327758789,"LogisticRegression(C=10000, max_iter=3000)",0.7904923595699278,roberta-large,6,0.019047619047619046,10
2.9833550453186035,0.0020601749420166016,"LogisticRegression(C=10000, max_iter=3000)",0.7931326903549125,roberta-large,6,0.017321937321937323,10
2.689486026763916,0.002357006072998047,"LogisticRegression(C=10000, max_iter=3000)",0.8577952002233613,roberta-large,6,0.03001113060789105,10
2.633202075958252,0.002110004425048828,"LogisticRegression(C=10000, max_iter=3000)",0.8235841661767587,roberta-large,6,0.03219389764105212,10
1.895287036895752,0.0035800933837890625,"LogisticRegression(C=10000, max_iter=3000)",0.7767927324711967,roberta-large,12,0.039400548471858594,10
1.9565832614898682,0.002301931381225586,"LogisticRegression(C=10000, max_iter=3000)",0.8433070358996285,roberta-large,12,0.03575571562689116,10
2.157352924346924,0.002312183380126953,"LogisticRegression(C=10000, max_iter=3000)",0.798724279835391,roberta-large,12,0.020739434319681234,10
2.0953147411346436,0.0021278858184814453,"LogisticRegression(C=10000, max_iter=3000)",0.8504261960488528,roberta-large,12,0.03358838979754012,10
1.876054048538208,0.0023097991943359375,"LogisticRegression(C=10000, max_iter=3000)",0.8064649859631937,roberta-large,12,0.03549704032160173,10
2.005340814590454,0.0021791458129882812,"LogisticRegression(C=10000, max_iter=3000)",0.8548030981364314,roberta-large,12,0.08000374111485223,10
1.8828747272491455,0.002148151397705078,"LogisticRegression(C=10000, max_iter=3000)",0.8786755515324565,roberta-large,12,0.027492152230097724,10
2.0011720657348633,0.002814769744873047,"LogisticRegression(C=10000, max_iter=3000)",0.8448699858740453,roberta-large,12,0.01688606508777069,10
2.033876895904541,0.0016660690307617188,"LogisticRegression(C=10000, max_iter=3000)",0.8020489563346705,roberta-large,12,0.027988319223653937,10
1.8173201084136963,0.0028760433197021484,"LogisticRegression(C=10000, max_iter=3000)",0.8309660080901912,roberta-large,12,0.030792787596643736,10
2.1883161067962646,0.002393960952758789,"LogisticRegression(C=10000, max_iter=3000)",0.8456042825956643,roberta-large,12,0.017336995990022416,10
1.973602056503296,0.0022268295288085938,"LogisticRegression(C=10000, max_iter=3000)",0.8178311236108234,roberta-large,12,0.03450480783814117,10
1.9822938442230225,0.002390146255493164,"LogisticRegression(C=10000, max_iter=3000)",0.8127479009926675,roberta-large,12,0.02626568628029762,10
1.9470829963684082,0.0023450851440429688,"LogisticRegression(C=10000, max_iter=3000)",0.8164043501396292,roberta-large,12,0.020311731064345265,10
2.089402914047241,0.001728057861328125,"LogisticRegression(C=10000, max_iter=3000)",0.8112043550367468,roberta-large,12,0.047363040301102804,10
2.1573917865753174,0.0020880699157714844,"LogisticRegression(C=10000, max_iter=3000)",0.8561245722985765,roberta-large,12,0.03393468173893404,10
2.223848819732666,0.0022420883178710938,"LogisticRegression(C=10000, max_iter=3000)",0.7688317075352487,roberta-large,12,0.02786139998783677,10
3.16314697265625,0.002110004425048828,"LogisticRegression(C=10000, max_iter=3000)",0.8718666518666519,roberta-large,12,0.017285705511244483,10
2.12583589553833,0.0021212100982666016,"LogisticRegression(C=10000, max_iter=3000)",0.8534916802773945,roberta-large,12,0.03652731986065319,10
2.1050829887390137,0.0020210742950439453,"LogisticRegression(C=10000, max_iter=3000)",0.8764515940945249,roberta-large,12,0.02943515615929409,10
2.328821897506714,0.00345611572265625,"LogisticRegression(C=10000, max_iter=3000)",0.7125629308962641,roberta-large,18,0.04146804105832493,10
2.1703312397003174,0.002129793167114258,"LogisticRegression(C=10000, max_iter=3000)",0.7870326393161997,roberta-large,18,0.020551329214138603,10
2.3750650882720947,0.002190113067626953,"LogisticRegression(C=10000, max_iter=3000)",0.7332612860390638,roberta-large,18,0.021155891578426792,10
2.36445689201355,0.0039250850677490234,"LogisticRegression(C=10000, max_iter=3000)",0.8217177786267832,roberta-large,18,0.025124849159936877,10
2.159029006958008,0.002112865447998047,"LogisticRegression(C=10000, max_iter=3000)",0.7970384480634064,roberta-large,18,0.031574293824747544,10
2.5535011291503906,0.0022318363189697266,"LogisticRegression(C=10000, max_iter=3000)",0.8536622739400518,roberta-large,18,0.06099947636073927,10
2.307636022567749,0.0023810863494873047,"LogisticRegression(C=10000, max_iter=3000)",0.8329624011105494,roberta-large,18,0.04235794545160352,10
2.2756459712982178,0.0021381378173828125,"LogisticRegression(C=10000, max_iter=3000)",0.7841844785136728,roberta-large,18,0.0419520961809519,10
2.4042863845825195,0.0021698474884033203,"LogisticRegression(C=10000, max_iter=3000)",0.7806380627015548,roberta-large,18,0.039463791184615786,10
2.2674171924591064,0.0023779869079589844,"LogisticRegression(C=10000, max_iter=3000)",0.7998456276234054,roberta-large,18,0.0599716865583932,10
2.40268611907959,0.0021719932556152344,"LogisticRegression(C=10000, max_iter=3000)",0.8088380524247971,roberta-large,18,0.0386336042737009,10
2.5050950050354004,0.012323141098022461,"LogisticRegression(C=10000, max_iter=3000)",0.8074565631630849,roberta-large,18,0.030661274301121044,10
2.40838885307312,0.0021512508392333984,"LogisticRegression(C=10000, max_iter=3000)",0.7917332725846079,roberta-large,18,0.02523662749783607,10
2.0995168685913086,0.0020961761474609375,"LogisticRegression(C=10000, max_iter=3000)",0.8000935986066705,roberta-large,18,0.0264476004826882,10
2.339992046356201,0.002171754837036133,"LogisticRegression(C=10000, max_iter=3000)",0.766772664920813,roberta-large,18,0.03660703075957313,10
2.2760229110717773,0.0020902156829833984,"LogisticRegression(C=10000, max_iter=3000)",0.8229046091083128,roberta-large,18,0.02945877664300358,10
2.644167900085449,0.0021729469299316406,"LogisticRegression(C=10000, max_iter=3000)",0.7271596689229539,roberta-large,18,0.0436109980554425,10
2.6751811504364014,0.0021309852600097656,"LogisticRegression(C=10000, max_iter=3000)",0.851187574365545,roberta-large,18,0.027077538671741567,10
2.4122588634490967,0.002095937728881836,"LogisticRegression(C=10000, max_iter=3000)",0.8320800598578375,roberta-large,18,0.01505528486068348,10
2.446913957595825,0.002084016799926758,"LogisticRegression(C=10000, max_iter=3000)",0.8594686948853616,roberta-large,18,0.02352581257576797,10
5.410224199295044,0.0023338794708251953,"LogisticRegression(C=10000, max_iter=3000)",0.793161847001141,roberta-large,24,0.02699147260192585,10
5.810930013656616,0.002176046371459961,"LogisticRegression(C=10000, max_iter=3000)",0.8450537117203785,roberta-large,24,0.02119708994708995,10
5.9512269496917725,0.0030870437622070312,"LogisticRegression(C=10000, max_iter=3000)",0.8239504733949178,roberta-large,24,0.042836339897942145,10
5.592622756958008,0.0022399425506591797,"LogisticRegression(C=10000, max_iter=3000)",0.8857258021415727,roberta-large,24,0.012083701738874152,10
5.854307174682617,0.005741119384765625,"LogisticRegression(C=10000, max_iter=3000)",0.8590030876733139,roberta-large,24,0.05516533055305421,10
6.252748012542725,0.0021469593048095703,"LogisticRegression(C=10000, max_iter=3000)",0.8699586678753346,roberta-large,24,0.06619216375313937,10
6.698946952819824,0.0021581649780273438,"LogisticRegression(C=10000, max_iter=3000)",0.8755111725226669,roberta-large,24,0.023878145480137596,10
5.805233001708984,0.0021457672119140625,"LogisticRegression(C=10000, max_iter=3000)",0.8567772270670821,roberta-large,24,0.021057564708267116,10
5.979498863220215,0.0023751258850097656,"LogisticRegression(C=10000, max_iter=3000)",0.8680654092731388,roberta-large,24,0.04714244101777978,10
9.13180422782898,0.0032188892364501953,"LogisticRegression(C=10000, max_iter=3000)",0.8693077087521532,roberta-large,24,0.049912609832649814,10
12.258161067962646,0.0028238296508789062,"LogisticRegression(C=10000, max_iter=3000)",0.8764324358768804,roberta-large,24,0.028813434790664397,10
7.130581855773926,0.002153158187866211,"LogisticRegression(C=10000, max_iter=3000)",0.8706160187015727,roberta-large,24,0.02647808812192374,10
6.371848821640015,0.0036771297454833984,"LogisticRegression(C=10000, max_iter=3000)",0.8712229018093647,roberta-large,24,0.025168058373677787,10
5.219738006591797,0.002370119094848633,"LogisticRegression(C=10000, max_iter=3000)",0.8694266590345022,roberta-large,24,0.032929154311040404,10
5.4446399211883545,0.002796173095703125,"LogisticRegression(C=10000, max_iter=3000)",0.8306417432516148,roberta-large,24,0.0296512887156162,10
5.903424024581909,0.002151012420654297,"LogisticRegression(C=10000, max_iter=3000)",0.8516971836537053,roberta-large,24,0.025371926548397133,10
6.370858192443848,0.0021147727966308594,"LogisticRegression(C=10000, max_iter=3000)",0.8354324861619823,roberta-large,24,0.020271086937753608,10
6.0972418785095215,0.0028769969940185547,"LogisticRegression(C=10000, max_iter=3000)",0.8629582762916096,roberta-large,24,0.030094484851448944,10
5.643913984298706,0.0030279159545898438,"LogisticRegression(C=10000, max_iter=3000)",0.879498828150789,roberta-large,24,0.02366941737819465,10
6.456938982009888,0.002134084701538086,"LogisticRegression(C=10000, max_iter=3000)",0.8974503179173067,roberta-large,24,0.020456703790037122,10
3.474782943725586,0.0019130706787109375,"LogisticRegression(C=10000, max_iter=3000)",0.7228996644917556,microsoft/deberta-base,1,0.024656435536065162,10
3.522454023361206,0.0019099712371826172,"LogisticRegression(C=10000, max_iter=3000)",0.7051853943158292,microsoft/deberta-base,1,0.01872325741890959,10
3.420689821243286,0.001979827880859375,"LogisticRegression(C=10000, max_iter=3000)",0.7370564726886568,microsoft/deberta-base,1,0.04731688153109174,10
3.688441276550293,0.0019030570983886719,"LogisticRegression(C=10000, max_iter=3000)",0.7482854152965819,microsoft/deberta-base,1,0.07984899896131781,10
3.619093894958496,0.001934051513671875,"LogisticRegression(C=10000, max_iter=3000)",0.7004178130820903,microsoft/deberta-base,1,0.033990700657367326,10
3.4490301609039307,0.0019338130950927734,"LogisticRegression(C=10000, max_iter=3000)",0.6611293214589606,microsoft/deberta-base,1,0.04035135478409305,10
3.2238640785217285,0.0019137859344482422,"LogisticRegression(C=10000, max_iter=3000)",0.7044521553303179,microsoft/deberta-base,1,0.03408836669070587,10
3.3075380325317383,0.0019268989562988281,"LogisticRegression(C=10000, max_iter=3000)",0.7663481240907442,microsoft/deberta-base,1,0.02844661994988792,10
3.436999797821045,0.001894235610961914,"LogisticRegression(C=10000, max_iter=3000)",0.6932194917996135,microsoft/deberta-base,1,0.03623815564779084,10
3.567836046218872,0.0019299983978271484,"LogisticRegression(C=10000, max_iter=3000)",0.7221808237339898,microsoft/deberta-base,1,0.05932399135192092,10
3.6080520153045654,0.0019440650939941406,"LogisticRegression(C=10000, max_iter=3000)",0.7122154916463215,microsoft/deberta-base,1,0.019147194585791078,10
3.6838009357452393,0.0027370452880859375,"LogisticRegression(C=10000, max_iter=3000)",0.6989495179150351,microsoft/deberta-base,1,0.048025362840177666,10
3.585718870162964,0.0019252300262451172,"LogisticRegression(C=10000, max_iter=3000)",0.7700129982738678,microsoft/deberta-base,1,0.04783131522261957,10
3.283958673477173,0.0036573410034179688,"LogisticRegression(C=10000, max_iter=3000)",0.6895439274321261,microsoft/deberta-base,1,0.02602104571349419,10
3.480645179748535,0.0019068717956542969,"LogisticRegression(C=10000, max_iter=3000)",0.721193141563512,microsoft/deberta-base,1,0.02941202073319265,10
3.516315221786499,0.0019419193267822266,"LogisticRegression(C=10000, max_iter=3000)",0.7235652519179716,microsoft/deberta-base,1,0.016219967039639172,10
3.584773063659668,0.0030019283294677734,"LogisticRegression(C=10000, max_iter=3000)",0.7036346832180165,microsoft/deberta-base,1,0.028877182043400354,10
3.6314661502838135,0.0019388198852539062,"LogisticRegression(C=10000, max_iter=3000)",0.7163796697130029,microsoft/deberta-base,1,0.031745572571423464,10
3.744965076446533,0.001689910888671875,"LogisticRegression(C=10000, max_iter=3000)",0.7789164518912741,microsoft/deberta-base,1,0.014212075020380546,10
3.418088912963867,0.0019459724426269531,"LogisticRegression(C=10000, max_iter=3000)",0.7152428769522275,microsoft/deberta-base,1,0.03245506208469172,10
1.45517897605896,0.002628803253173828,"LogisticRegression(C=10000, max_iter=3000)",0.7764889088963164,microsoft/deberta-base,6,0.0306171141359692,10
1.408552885055542,0.001959085464477539,"LogisticRegression(C=10000, max_iter=3000)",0.8420110092398948,microsoft/deberta-base,6,0.034949407257403246,10
1.509477138519287,0.0035867691040039062,"LogisticRegression(C=10000, max_iter=3000)",0.7837123524623524,microsoft/deberta-base,6,0.06246843646521,10
1.3657898902893066,0.002393007278442383,"LogisticRegression(C=10000, max_iter=3000)",0.8143047183626894,microsoft/deberta-base,6,0.05194965528298861,10
1.8275959491729736,0.0019199848175048828,"LogisticRegression(C=10000, max_iter=3000)",0.7980657638173979,microsoft/deberta-base,6,0.015248814920407696,10
1.456244945526123,0.0019519329071044922,"LogisticRegression(C=10000, max_iter=3000)",0.8804726006235668,microsoft/deberta-base,6,0.02269204541114984,10
1.4259400367736816,0.0019419193267822266,"LogisticRegression(C=10000, max_iter=3000)",0.8141937940768349,microsoft/deberta-base,6,0.016657873447996904,10
1.4050137996673584,0.001978158950805664,"LogisticRegression(C=10000, max_iter=3000)",0.8039142577154272,microsoft/deberta-base,6,0.02671099671099671,10
1.480658769607544,0.0019741058349609375,"LogisticRegression(C=10000, max_iter=3000)",0.7573293246603169,microsoft/deberta-base,6,0.022031030340209083,10
2.0428550243377686,0.0046651363372802734,"LogisticRegression(C=10000, max_iter=3000)",0.795093905287536,microsoft/deberta-base,6,0.022109382109382108,10
2.2958991527557373,0.0023720264434814453,"LogisticRegression(C=10000, max_iter=3000)",0.8479298068186958,microsoft/deberta-base,6,0.016484330921612684,10
1.5340988636016846,0.0022063255310058594,"LogisticRegression(C=10000, max_iter=3000)",0.8024795196947023,microsoft/deberta-base,6,0.0427409010742344,10
1.3869752883911133,0.001924753189086914,"LogisticRegression(C=10000, max_iter=3000)",0.8144364138074832,microsoft/deberta-base,6,0.027360019952612547,10
1.4159910678863525,0.0019638538360595703,"LogisticRegression(C=10000, max_iter=3000)",0.8185835262384161,microsoft/deberta-base,6,0.04181532858068431,10
1.5137910842895508,0.0019719600677490234,"LogisticRegression(C=10000, max_iter=3000)",0.7725171536282647,microsoft/deberta-base,6,0.028817939673832484,10
1.5060911178588867,0.0017619132995605469,"LogisticRegression(C=10000, max_iter=3000)",0.8414304033136425,microsoft/deberta-base,6,0.03375553613706467,10
1.4411189556121826,0.002137899398803711,"LogisticRegression(C=10000, max_iter=3000)",0.7874718890405165,microsoft/deberta-base,6,0.04363052695168013,10
1.4689619541168213,0.0019159317016601562,"LogisticRegression(C=10000, max_iter=3000)",0.8276693912864126,microsoft/deberta-base,6,0.018482704561887192,10
1.417553186416626,0.003515958786010742,"LogisticRegression(C=10000, max_iter=3000)",0.8331579961955501,microsoft/deberta-base,6,0.014780054088230188,10
1.386612892150879,0.002401113510131836,"LogisticRegression(C=10000, max_iter=3000)",0.8317465366953201,microsoft/deberta-base,6,0.04237682401348996,10
1.1571447849273682,0.0019421577453613281,"LogisticRegression(C=10000, max_iter=3000)",0.8328580473024917,microsoft/deberta-base,12,0.027499723629585412,10
1.4712021350860596,0.0068149566650390625,"LogisticRegression(C=10000, max_iter=3000)",0.8616566679212775,microsoft/deberta-base,12,0.0241339444237995,10
1.3883681297302246,0.002249002456665039,"LogisticRegression(C=10000, max_iter=3000)",0.8178106561533768,microsoft/deberta-base,12,0.022685756658359396,10
1.225909948348999,0.0019190311431884766,"LogisticRegression(C=10000, max_iter=3000)",0.8527033969787594,microsoft/deberta-base,12,0.03248513317957762,10
1.2145822048187256,0.0033609867095947266,"LogisticRegression(C=10000, max_iter=3000)",0.8392950259616926,microsoft/deberta-base,12,0.034603715289832276,10
1.257270097732544,0.002228975296020508,"LogisticRegression(C=10000, max_iter=3000)",0.8771515329438827,microsoft/deberta-base,12,0.04321965100199532,10
1.2458319664001465,0.0021371841430664062,"LogisticRegression(C=10000, max_iter=3000)",0.8444878345844529,microsoft/deberta-base,12,0.020677848860592936,10
1.198612928390503,0.001968860626220703,"LogisticRegression(C=10000, max_iter=3000)",0.8649190852089402,microsoft/deberta-base,12,0.0359720492381786,10
1.317580223083496,0.001955747604370117,"LogisticRegression(C=10000, max_iter=3000)",0.8394845707698111,microsoft/deberta-base,12,0.040670507699493215,10
1.2939493656158447,0.001979827880859375,"LogisticRegression(C=10000, max_iter=3000)",0.8463915521839019,microsoft/deberta-base,12,0.026114268652120128,10
1.3071513175964355,0.001931905746459961,"LogisticRegression(C=10000, max_iter=3000)",0.8546964957010883,microsoft/deberta-base,12,0.017789535567313344,10
1.3024752140045166,0.002116680145263672,"LogisticRegression(C=10000, max_iter=3000)",0.8711030684848021,microsoft/deberta-base,12,0.041143441606404575,10
1.5486047267913818,0.0019142627716064453,"LogisticRegression(C=10000, max_iter=3000)",0.828887718677044,microsoft/deberta-base,12,0.02126282772155749,10
1.3549222946166992,0.0017158985137939453,"LogisticRegression(C=10000, max_iter=3000)",0.8387015506728768,microsoft/deberta-base,12,0.01836516506056736,10
1.2509219646453857,0.0019969940185546875,"LogisticRegression(C=10000, max_iter=3000)",0.8100569698746513,microsoft/deberta-base,12,0.021838829783871597,10
1.3314828872680664,0.0019519329071044922,"LogisticRegression(C=10000, max_iter=3000)",0.8925393341400875,microsoft/deberta-base,12,0.034703038287267673,10
1.2468249797821045,0.002624034881591797,"LogisticRegression(C=10000, max_iter=3000)",0.8235141732484728,microsoft/deberta-base,12,0.07005147388768078,10
1.2203969955444336,0.002332925796508789,"LogisticRegression(C=10000, max_iter=3000)",0.8587357850849914,microsoft/deberta-base,12,0.025417777262601214,10
1.2252349853515625,0.003118753433227539,"LogisticRegression(C=10000, max_iter=3000)",0.8559197406867658,microsoft/deberta-base,12,0.014210595907650605,10
1.1716508865356445,0.0032019615173339844,"LogisticRegression(C=10000, max_iter=3000)",0.8862191923303034,microsoft/deberta-base,12,0.022832568665901998,10
4.406229019165039,0.0026547908782958984,"LogisticRegression(C=10000, max_iter=3000)",0.6600510140462748,microsoft/deberta-large,1,0.03046920821114369,10
4.624794006347656,0.0020771026611328125,"LogisticRegression(C=10000, max_iter=3000)",0.68046801349225,microsoft/deberta-large,1,0.04346270091805134,10
4.167994976043701,0.0022978782653808594,"LogisticRegression(C=10000, max_iter=3000)",0.7339938268923777,microsoft/deberta-large,1,0.03968260675736554,10
4.526105880737305,0.001966238021850586,"LogisticRegression(C=10000, max_iter=3000)",0.7451232520319842,microsoft/deberta-large,1,0.042630707389075324,10
4.805697917938232,0.002544879913330078,"LogisticRegression(C=10000, max_iter=3000)",0.7154429385998219,microsoft/deberta-large,1,0.02848063717523341,10
3.672847270965576,0.0030448436737060547,"LogisticRegression(C=10000, max_iter=3000)",0.6381997485351782,microsoft/deberta-large,1,0.0460573476702509,10
3.909782886505127,0.0021669864654541016,"LogisticRegression(C=10000, max_iter=3000)",0.6961267872481995,microsoft/deberta-large,1,0.0673755476820611,10
3.917612075805664,0.002727031707763672,"LogisticRegression(C=10000, max_iter=3000)",0.7076152089436432,microsoft/deberta-large,1,0.03375350140056022,10
3.6367852687835693,0.005962848663330078,"LogisticRegression(C=10000, max_iter=3000)",0.7434080322969213,microsoft/deberta-large,1,0.018179865860508144,10
4.124282121658325,0.002089977264404297,"LogisticRegression(C=10000, max_iter=3000)",0.7716260587731872,microsoft/deberta-large,1,0.03633161400045931,10
4.5042009353637695,0.0022132396697998047,"LogisticRegression(C=10000, max_iter=3000)",0.6860080660080661,microsoft/deberta-large,1,0.03460237141451563,10
4.1001341342926025,0.002418994903564453,"LogisticRegression(C=10000, max_iter=3000)",0.73086572982942,microsoft/deberta-large,1,0.019567246291384222,10
4.128094911575317,0.0022759437561035156,"LogisticRegression(C=10000, max_iter=3000)",0.7928445623271456,microsoft/deberta-large,1,0.046295716174035564,10
4.739859104156494,0.0023241043090820312,"LogisticRegression(C=10000, max_iter=3000)",0.7766190599523932,microsoft/deberta-large,1,0.016803169771206303,10
4.0903332233428955,0.0025038719177246094,"LogisticRegression(C=10000, max_iter=3000)",0.7164776633703186,microsoft/deberta-large,1,0.04642086913328743,10
4.819572925567627,0.0019309520721435547,"LogisticRegression(C=10000, max_iter=3000)",0.7326897476961334,microsoft/deberta-large,1,0.027404887881078355,10
4.187754154205322,0.0020668506622314453,"LogisticRegression(C=10000, max_iter=3000)",0.6995727511233315,microsoft/deberta-large,1,0.07888554482121733,10
4.349285840988159,0.0035979747772216797,"LogisticRegression(C=10000, max_iter=3000)",0.7246827954308086,microsoft/deberta-large,1,0.01715880968754532,10
5.229198932647705,0.015350818634033203,"LogisticRegression(C=10000, max_iter=3000)",0.7806999584777361,microsoft/deberta-large,1,0.0436625664758657,10
4.847091913223267,0.00237274169921875,"LogisticRegression(C=10000, max_iter=3000)",0.7155921914223123,microsoft/deberta-large,1,0.04567175752416465,10
0.7661361694335938,0.0019600391387939453,"LogisticRegression(C=10000, max_iter=3000)",0.8003965581743359,microsoft/deberta-large,6,0.02475415862512637,10
0.754849910736084,0.004063129425048828,"LogisticRegression(C=10000, max_iter=3000)",0.8136494249721528,microsoft/deberta-large,6,0.033937882640165486,10
0.7055830955505371,0.0021829605102539062,"LogisticRegression(C=10000, max_iter=3000)",0.8467057106737266,microsoft/deberta-large,6,0.05673881673881675,10
0.8205950260162354,0.0020079612731933594,"LogisticRegression(C=10000, max_iter=3000)",0.8490012480862154,microsoft/deberta-large,6,0.047374595910065015,10
0.7375741004943848,0.0023338794708251953,"LogisticRegression(C=10000, max_iter=3000)",0.8701011701325574,microsoft/deberta-large,6,0.018359571727087316,10
0.7545070648193359,0.0019850730895996094,"LogisticRegression(C=10000, max_iter=3000)",0.8560071975349755,microsoft/deberta-large,6,0.023897410796553817,10
0.8367412090301514,0.0021219253540039062,"LogisticRegression(C=10000, max_iter=3000)",0.8786478279472083,microsoft/deberta-large,6,0.025541110584642923,10
0.8280649185180664,0.001990079879760742,"LogisticRegression(C=10000, max_iter=3000)",0.8550388654981096,microsoft/deberta-large,6,0.02195927529260863,10
0.7836458683013916,0.0020668506622314453,"LogisticRegression(C=10000, max_iter=3000)",0.8520048525305394,microsoft/deberta-large,6,0.036611464062444456,10
0.6980528831481934,0.0018072128295898438,"LogisticRegression(C=10000, max_iter=3000)",0.810289795832058,microsoft/deberta-large,6,0.03865195161491458,10
0.8456192016601562,0.002701997756958008,"LogisticRegression(C=10000, max_iter=3000)",0.8727525960951977,microsoft/deberta-large,6,0.041742708892467346,10
0.875960111618042,0.0024247169494628906,"LogisticRegression(C=10000, max_iter=3000)",0.8169488536155204,microsoft/deberta-large,6,0.023773822019436057,10
0.6957828998565674,0.0024099349975585938,"LogisticRegression(C=10000, max_iter=3000)",0.8436413983855301,microsoft/deberta-large,6,0.022753179244407316,10
0.8883059024810791,0.0018680095672607422,"LogisticRegression(C=10000, max_iter=3000)",0.8525402406017063,microsoft/deberta-large,6,0.016202710647155092,10
0.7094452381134033,0.0019419193267822266,"LogisticRegression(C=10000, max_iter=3000)",0.7814024696924087,microsoft/deberta-large,6,0.02795171155354125,10
0.8859059810638428,0.0021839141845703125,"LogisticRegression(C=10000, max_iter=3000)",0.8469580392768798,microsoft/deberta-large,6,0.033630753801815814,10
0.7955889701843262,0.002234935760498047,"LogisticRegression(C=10000, max_iter=3000)",0.7948530062995472,microsoft/deberta-large,6,0.034606229323004924,10
0.8318731784820557,0.0019259452819824219,"LogisticRegression(C=10000, max_iter=3000)",0.8786770277048054,microsoft/deberta-large,6,0.022350450289258663,10
0.7510039806365967,0.0021181106567382812,"LogisticRegression(C=10000, max_iter=3000)",0.845240986943496,microsoft/deberta-large,6,0.028336431768926054,10
0.7658920288085938,0.0019872188568115234,"LogisticRegression(C=10000, max_iter=3000)",0.9053431355799296,microsoft/deberta-large,6,0.01917989417989418,10
0.5478320121765137,0.002681255340576172,"LogisticRegression(C=10000, max_iter=3000)",0.7917829882637918,microsoft/deberta-large,12,0.027843653930610453,10
0.5721659660339355,0.0019609928131103516,"LogisticRegression(C=10000, max_iter=3000)",0.8297967489022104,microsoft/deberta-large,12,0.02008377425044092,10
0.6860129833221436,0.0022020339965820312,"LogisticRegression(C=10000, max_iter=3000)",0.7823471777951033,microsoft/deberta-large,12,0.03817392484059151,10
0.6701688766479492,0.0021331310272216797,"LogisticRegression(C=10000, max_iter=3000)",0.82292549997864,microsoft/deberta-large,12,0.05222563728310855,10
0.605741024017334,0.002480030059814453,"LogisticRegression(C=10000, max_iter=3000)",0.8205190870326563,microsoft/deberta-large,12,0.0459181244968176,10
0.6687107086181641,0.0020253658294677734,"LogisticRegression(C=10000, max_iter=3000)",0.8691246121922451,microsoft/deberta-large,12,0.03743701184177374,10
0.5698549747467041,0.0025949478149414062,"LogisticRegression(C=10000, max_iter=3000)",0.8220283659214854,microsoft/deberta-large,12,0.012701506853553635,10
0.5497176647186279,0.0022211074829101562,"LogisticRegression(C=10000, max_iter=3000)",0.7552197846883836,microsoft/deberta-large,12,0.045573716407049734,10
0.6780898571014404,0.002050161361694336,"LogisticRegression(C=10000, max_iter=3000)",0.7959792823284886,microsoft/deberta-large,12,0.05961244658562666,10
0.495697021484375,0.0031228065490722656,"LogisticRegression(C=10000, max_iter=3000)",0.804093036924578,microsoft/deberta-large,12,0.03726495726495726,10
0.6533060073852539,0.0021729469299316406,"LogisticRegression(C=10000, max_iter=3000)",0.8332988255756926,microsoft/deberta-large,12,0.02511439178105845,10
0.6083738803863525,0.002774953842163086,"LogisticRegression(C=10000, max_iter=3000)",0.8467593231602892,microsoft/deberta-large,12,0.04914995437871255,10
0.6744709014892578,0.002151012420654297,"LogisticRegression(C=10000, max_iter=3000)",0.7889303222994978,microsoft/deberta-large,12,0.023910942007936795,10
0.6516528129577637,0.0024421215057373047,"LogisticRegression(C=10000, max_iter=3000)",0.8152956792214316,microsoft/deberta-large,12,0.0377894190235388,10
0.6092221736907959,0.003045797348022461,"LogisticRegression(C=10000, max_iter=3000)",0.7463759874175223,microsoft/deberta-large,12,0.03418112005865065,10
0.6389782428741455,0.0019698143005371094,"LogisticRegression(C=10000, max_iter=3000)",0.8465790262839854,microsoft/deberta-large,12,0.043209408726650106,10
0.6284341812133789,0.0021278858184814453,"LogisticRegression(C=10000, max_iter=3000)",0.7508518847407736,microsoft/deberta-large,12,0.024858180520474463,10
0.5497097969055176,0.002103090286254883,"LogisticRegression(C=10000, max_iter=3000)",0.8651374275053691,microsoft/deberta-large,12,0.019040176216102142,10
0.6525180339813232,0.002613067626953125,"LogisticRegression(C=10000, max_iter=3000)",0.8185089652302766,microsoft/deberta-large,12,0.009671614934772829,10
0.6986830234527588,0.0022602081298828125,"LogisticRegression(C=10000, max_iter=3000)",0.860378735823938,microsoft/deberta-large,12,0.061307660730523135,10
0.9805517196655273,0.0021393299102783203,"LogisticRegression(C=10000, max_iter=3000)",0.6671488859724154,microsoft/deberta-large,18,0.03370459831812489,10
1.0983130931854248,0.0031599998474121094,"LogisticRegression(C=10000, max_iter=3000)",0.8173746656202797,microsoft/deberta-large,18,0.0349336644255472,10
0.9542462825775146,0.0036468505859375,"LogisticRegression(C=10000, max_iter=3000)",0.747756962575803,microsoft/deberta-large,18,0.038649551807446544,10
0.9518272876739502,0.003574848175048828,"LogisticRegression(C=10000, max_iter=3000)",0.7854368390600274,microsoft/deberta-large,18,0.05651011052140996,10
0.9247751235961914,0.0021660327911376953,"LogisticRegression(C=10000, max_iter=3000)",0.8010351091027421,microsoft/deberta-large,18,0.04027437157839856,10
1.0372862815856934,0.0022966861724853516,"LogisticRegression(C=10000, max_iter=3000)",0.8453493831271608,microsoft/deberta-large,18,0.04645101811768478,10
0.9603157043457031,0.002151966094970703,"LogisticRegression(C=10000, max_iter=3000)",0.7906733046651977,microsoft/deberta-large,18,0.0332838548524823,10
1.0438332557678223,0.0021097660064697266,"LogisticRegression(C=10000, max_iter=3000)",0.6783237721642836,microsoft/deberta-large,18,0.048134472379111753,10
1.0418510437011719,0.002241849899291992,"LogisticRegression(C=10000, max_iter=3000)",0.7761780958606356,microsoft/deberta-large,18,0.05021373128757793,10
0.9430439472198486,0.003133058547973633,"LogisticRegression(C=10000, max_iter=3000)",0.7733663013830279,microsoft/deberta-large,18,0.04985503750935849,10
0.8809590339660645,0.002377033233642578,"LogisticRegression(C=10000, max_iter=3000)",0.8161185145301446,microsoft/deberta-large,18,0.03165858165858165,10
1.1462409496307373,0.002128124237060547,"LogisticRegression(C=10000, max_iter=3000)",0.8375771130521533,microsoft/deberta-large,18,0.053434867130396274,10
1.067953109741211,0.003688812255859375,"LogisticRegression(C=10000, max_iter=3000)",0.7502716213827325,microsoft/deberta-large,18,0.021475436298906424,10
1.0302159786224365,0.002101898193359375,"LogisticRegression(C=10000, max_iter=3000)",0.8235792188924097,microsoft/deberta-large,18,0.0620018064462509,10
0.8450422286987305,0.003438711166381836,"LogisticRegression(C=10000, max_iter=3000)",0.731853098890136,microsoft/deberta-large,18,0.05400571688889833,10
1.0436890125274658,0.003983974456787109,"LogisticRegression(C=10000, max_iter=3000)",0.8091036660601879,microsoft/deberta-large,18,0.050661149550038434,10
1.0761010646820068,0.0017888545989990234,"LogisticRegression(C=10000, max_iter=3000)",0.7226532315421205,microsoft/deberta-large,18,0.04014815024081346,10
1.065507173538208,0.0021398067474365234,"LogisticRegression(C=10000, max_iter=3000)",0.8032615451861483,microsoft/deberta-large,18,0.043492991738605775,10
0.9736020565032959,0.002209186553955078,"LogisticRegression(C=10000, max_iter=3000)",0.7969227994227994,microsoft/deberta-large,18,0.026219870664315106,10
0.9594020843505859,0.002101898193359375,"LogisticRegression(C=10000, max_iter=3000)",0.8432926370866336,microsoft/deberta-large,18,0.021655015907889468,10
0.9645941257476807,0.0021288394927978516,"LogisticRegression(C=10000, max_iter=3000)",0.7493538229191316,microsoft/deberta-large,24,0.0336402392498218,10
0.8766610622406006,0.0020971298217773438,"LogisticRegression(C=10000, max_iter=3000)",0.845838106279552,microsoft/deberta-large,24,0.017392442057044738,10
0.9530720710754395,0.003674745559692383,"LogisticRegression(C=10000, max_iter=3000)",0.8019635031104566,microsoft/deberta-large,24,0.008032128514056224,10
1.0731251239776611,0.0022840499877929688,"LogisticRegression(C=10000, max_iter=3000)",0.8347187791632236,microsoft/deberta-large,24,0.02710530847855628,10
0.9994592666625977,0.0022728443145751953,"LogisticRegression(C=10000, max_iter=3000)",0.8458082349749018,microsoft/deberta-large,24,0.02811816985298736,10
1.0507521629333496,0.0021381378173828125,"LogisticRegression(C=10000, max_iter=3000)",0.8767946662391108,microsoft/deberta-large,24,0.03799624598475173,10
0.9622180461883545,0.002089977264404297,"LogisticRegression(C=10000, max_iter=3000)",0.8650039441462444,microsoft/deberta-large,24,0.03683444127888572,10
1.0786070823669434,0.0036399364471435547,"LogisticRegression(C=10000, max_iter=3000)",0.8135836262183088,microsoft/deberta-large,24,0.01445997488615449,10
0.9199190139770508,0.002151012420654297,"LogisticRegression(C=10000, max_iter=3000)",0.8190283790283791,microsoft/deberta-large,24,0.03025872762714868,10
1.0338501930236816,0.0021369457244873047,"LogisticRegression(C=10000, max_iter=3000)",0.8103980149053525,microsoft/deberta-large,24,0.038961637936526135,10
1.2726860046386719,0.002263784408569336,"LogisticRegression(C=10000, max_iter=3000)",0.8405087998791146,microsoft/deberta-large,24,0.021748289474790336,10
1.0482101440429688,0.002290010452270508,"LogisticRegression(C=10000, max_iter=3000)",0.8841922036545692,microsoft/deberta-large,24,0.025691303886317036,10
1.083869218826294,0.0017018318176269531,"LogisticRegression(C=10000, max_iter=3000)",0.8180876973989021,microsoft/deberta-large,24,0.023112480739599386,10
1.068227767944336,0.0021660327911376953,"LogisticRegression(C=10000, max_iter=3000)",0.8591177725139988,microsoft/deberta-large,24,0.019297986511101265,10
0.9677340984344482,0.0022978782653808594,"LogisticRegression(C=10000, max_iter=3000)",0.7703570522472183,microsoft/deberta-large,24,0.02975545615385798,10
1.1194710731506348,0.0019719600677490234,"LogisticRegression(C=10000, max_iter=3000)",0.83053721061074,microsoft/deberta-large,24,0.03672332832208843,10
1.139543056488037,0.002297639846801758,"LogisticRegression(C=10000, max_iter=3000)",0.7984912012030656,microsoft/deberta-large,24,0.05903381642512077,10
0.9553689956665039,0.002148866653442383,"LogisticRegression(C=10000, max_iter=3000)",0.8552728686420443,microsoft/deberta-large,24,0.03311275144608478,10
1.0742290019989014,0.00177001953125,"LogisticRegression(C=10000, max_iter=3000)",0.8427154248953767,microsoft/deberta-large,24,0.02872576687711539,10
1.0198259353637695,0.0023040771484375,"LogisticRegression(C=10000, max_iter=3000)",0.922430298801427,microsoft/deberta-large,24,0.021903857459413017,10
5.294099807739258,0.002172231674194336,"LogisticRegression(C=10000, max_iter=3000)",0.6561465131754987,microsoft/deberta-v3-base,1,0.022299820049881187,10
5.3431830406188965,0.002276897430419922,"LogisticRegression(C=10000, max_iter=3000)",0.6411009141214659,microsoft/deberta-v3-base,1,0.05333870406730152,10
5.407907962799072,0.0029408931732177734,"LogisticRegression(C=10000, max_iter=3000)",0.680154607249325,microsoft/deberta-v3-base,1,0.044434090925319,10
5.683533191680908,0.003034830093383789,"LogisticRegression(C=10000, max_iter=3000)",0.7486546375435265,microsoft/deberta-v3-base,1,0.068935107497199,10
5.905755281448364,0.0019268989562988281,"LogisticRegression(C=10000, max_iter=3000)",0.6992549653306155,microsoft/deberta-v3-base,1,0.052152077330516335,10
5.6190149784088135,0.0019049644470214844,"LogisticRegression(C=10000, max_iter=3000)",0.6846865957977071,microsoft/deberta-v3-base,1,0.033042930600401865,10
5.595323801040649,0.0019431114196777344,"LogisticRegression(C=10000, max_iter=3000)",0.6360930143139072,microsoft/deberta-v3-base,1,0.04579693227036223,10
5.94409966468811,0.0020029544830322266,"LogisticRegression(C=10000, max_iter=3000)",0.6976746126509473,microsoft/deberta-v3-base,1,0.03829455032353583,10
5.315263986587524,0.0033190250396728516,"LogisticRegression(C=10000, max_iter=3000)",0.6878518984515006,microsoft/deberta-v3-base,1,0.047270395711411464,10
5.544496774673462,0.002270936965942383,"LogisticRegression(C=10000, max_iter=3000)",0.6866110093163231,microsoft/deberta-v3-base,1,0.03706927852280752,10
5.822251081466675,0.001931905746459961,"LogisticRegression(C=10000, max_iter=3000)",0.7181000069888959,microsoft/deberta-v3-base,1,0.047552713565785464,10
6.840975999832153,0.001970052719116211,"LogisticRegression(C=10000, max_iter=3000)",0.7001278955673649,microsoft/deberta-v3-base,1,0.034396746574148436,10
5.446715831756592,0.0019838809967041016,"LogisticRegression(C=10000, max_iter=3000)",0.7654783634270396,microsoft/deberta-v3-base,1,0.055077515077515085,10
5.618037939071655,0.001934051513671875,"LogisticRegression(C=10000, max_iter=3000)",0.6982926538482095,microsoft/deberta-v3-base,1,0.023919220577835715,10
5.597092866897583,0.002958059310913086,"LogisticRegression(C=10000, max_iter=3000)",0.6635025166070918,microsoft/deberta-v3-base,1,0.06663369589705165,10
5.703780889511108,0.001965045928955078,"LogisticRegression(C=10000, max_iter=3000)",0.7387414515746429,microsoft/deberta-v3-base,1,0.019013775466354254,10
5.896296977996826,0.0022478103637695312,"LogisticRegression(C=10000, max_iter=3000)",0.7027261274880323,microsoft/deberta-v3-base,1,0.06594236551757791,10
5.320049047470093,0.0019419193267822266,"LogisticRegression(C=10000, max_iter=3000)",0.7219982018832594,microsoft/deberta-v3-base,1,0.027631317358780667,10
5.668812990188599,0.003596067428588867,"LogisticRegression(C=10000, max_iter=3000)",0.6947918447212195,microsoft/deberta-v3-base,1,0.04478793732525076,10
5.5920610427856445,0.0019140243530273438,"LogisticRegression(C=10000, max_iter=3000)",0.6971273167883195,microsoft/deberta-v3-base,1,0.040720719465232195,10
0.7759559154510498,0.0035419464111328125,"LogisticRegression(C=10000, max_iter=3000)",0.7582312748979414,microsoft/deberta-v3-base,6,0.020822251853794906,10
0.7473959922790527,0.0019268989562988281,"LogisticRegression(C=10000, max_iter=3000)",0.8260156346307714,microsoft/deberta-v3-base,6,0.02062436877251692,10
0.6873302459716797,0.002203702926635742,"LogisticRegression(C=10000, max_iter=3000)",0.845890457335509,microsoft/deberta-v3-base,6,0.04505012171046326,10
0.754342794418335,0.0019192695617675781,"LogisticRegression(C=10000, max_iter=3000)",0.8838944992279117,microsoft/deberta-v3-base,6,0.03666737925997185,10
0.7583742141723633,0.0019190311431884766,"LogisticRegression(C=10000, max_iter=3000)",0.8309200600928562,microsoft/deberta-v3-base,6,0.019861311527978192,10
0.7590291500091553,0.0033330917358398438,"LogisticRegression(C=10000, max_iter=3000)",0.8119000341222562,microsoft/deberta-v3-base,6,0.040358976123352,10
0.7921860218048096,0.0018949508666992188,"LogisticRegression(C=10000, max_iter=3000)",0.8881977545781865,microsoft/deberta-v3-base,6,0.04770622523496087,10
0.7673609256744385,0.003640890121459961,"LogisticRegression(C=10000, max_iter=3000)",0.834133798820581,microsoft/deberta-v3-base,6,0.02768262333479725,10
1.697293996810913,0.0025589466094970703,"LogisticRegression(C=10000, max_iter=3000)",0.8494623603526295,microsoft/deberta-v3-base,6,0.037770871104204434,10
1.3083992004394531,0.002040863037109375,"LogisticRegression(C=10000, max_iter=3000)",0.8557285143436514,microsoft/deberta-v3-base,6,0.015091224930915368,10
0.7839198112487793,0.001953125,"LogisticRegression(C=10000, max_iter=3000)",0.8499008324978387,microsoft/deberta-v3-base,6,0.023774600749390664,10
0.8616299629211426,0.001940011978149414,"LogisticRegression(C=10000, max_iter=3000)",0.8478420019300522,microsoft/deberta-v3-base,6,0.04041366401669732,10
0.7738230228424072,0.001917123794555664,"LogisticRegression(C=10000, max_iter=3000)",0.818439664647394,microsoft/deberta-v3-base,6,0.04239466647502867,10
0.8017020225524902,0.002777099609375,"LogisticRegression(C=10000, max_iter=3000)",0.8683109894221004,microsoft/deberta-v3-base,6,0.03493036197311827,10
0.7693800926208496,0.003520965576171875,"LogisticRegression(C=10000, max_iter=3000)",0.8390540395371313,microsoft/deberta-v3-base,6,0.017567998831235006,10
0.7794389724731445,0.0019021034240722656,"LogisticRegression(C=10000, max_iter=3000)",0.8939910986862664,microsoft/deberta-v3-base,6,0.023056258873252335,10
0.7145559787750244,0.0020210742950439453,"LogisticRegression(C=10000, max_iter=3000)",0.8029566948601558,microsoft/deberta-v3-base,6,0.03338717163278567,10
0.7761678695678711,0.0017151832580566406,"LogisticRegression(C=10000, max_iter=3000)",0.8358851532065819,microsoft/deberta-v3-base,6,0.025620006130823245,10
0.7991969585418701,0.0019261837005615234,"LogisticRegression(C=10000, max_iter=3000)",0.8472907703153365,microsoft/deberta-v3-base,6,0.04224825478556822,10
0.7650330066680908,0.0020568370819091797,"LogisticRegression(C=10000, max_iter=3000)",0.8454710694565767,microsoft/deberta-v3-base,6,0.02246267865575698,10
3.175563097000122,0.003306865692138672,"LogisticRegression(C=10000, max_iter=3000)",0.7060797134937516,microsoft/deberta-v3-base,12,0.02627790979366435,10
3.678755044937134,0.0037467479705810547,"LogisticRegression(C=10000, max_iter=3000)",0.7391052661859868,microsoft/deberta-v3-base,12,0.03548440065681444,10
3.5447070598602295,0.0019731521606445312,"LogisticRegression(C=10000, max_iter=3000)",0.738150517699632,microsoft/deberta-v3-base,12,0.0286714785268305,10
2.8549203872680664,0.0020186901092529297,"LogisticRegression(C=10000, max_iter=3000)",0.7660525821400582,microsoft/deberta-v3-base,12,0.047854500924676364,10
2.485874891281128,0.002251148223876953,"LogisticRegression(C=10000, max_iter=3000)",0.7455714482615067,microsoft/deberta-v3-base,12,0.01807305208251794,10
3.0270001888275146,0.0022249221801757812,"LogisticRegression(C=10000, max_iter=3000)",0.8272293675192225,microsoft/deberta-v3-base,12,0.052599547904712225,10
2.6885781288146973,0.003404855728149414,"LogisticRegression(C=10000, max_iter=3000)",0.7983986283147708,microsoft/deberta-v3-base,12,0.03572070938119597,10
2.606982946395874,0.0052797794342041016,"LogisticRegression(C=10000, max_iter=3000)",0.6504300657312193,microsoft/deberta-v3-base,12,0.023218471636193155,10
2.9564390182495117,0.001961946487426758,"LogisticRegression(C=10000, max_iter=3000)",0.7712971699082809,microsoft/deberta-v3-base,12,0.017468391390258464,10
2.700090169906616,0.0019609928131103516,"LogisticRegression(C=10000, max_iter=3000)",0.7675586471060826,microsoft/deberta-v3-base,12,0.04049396184946056,10
2.640612840652466,0.0028710365295410156,"LogisticRegression(C=10000, max_iter=3000)",0.7605261658728659,microsoft/deberta-v3-base,12,0.03046822458587165,10
2.7320001125335693,0.0017428398132324219,"LogisticRegression(C=10000, max_iter=3000)",0.7211359958702954,microsoft/deberta-v3-base,12,0.054963873243443144,10
3.093231201171875,0.001965761184692383,"LogisticRegression(C=10000, max_iter=3000)",0.7648153105669445,microsoft/deberta-v3-base,12,0.040679012345679014,10
4.498342275619507,0.0029637813568115234,"LogisticRegression(C=10000, max_iter=3000)",0.7060528060420914,microsoft/deberta-v3-base,12,0.019510617746452193,10
5.567199945449829,0.003420114517211914,"LogisticRegression(C=10000, max_iter=3000)",0.7573212588557534,microsoft/deberta-v3-base,12,0.06025169243793975,10
5.8273210525512695,0.0023560523986816406,"LogisticRegression(C=10000, max_iter=3000)",0.7463691553555103,microsoft/deberta-v3-base,12,0.03581665957144885,10
4.481243848800659,0.0022661685943603516,"LogisticRegression(C=10000, max_iter=3000)",0.7468011686530204,microsoft/deberta-v3-base,12,0.03304009463429753,10
3.6790261268615723,0.0023207664489746094,"LogisticRegression(C=10000, max_iter=3000)",0.7392313242313242,microsoft/deberta-v3-base,12,0.02174643145588256,10
4.839990139007568,0.0024700164794921875,"LogisticRegression(C=10000, max_iter=3000)",0.7750796676180836,microsoft/deberta-v3-base,12,0.04754786254488458,10
4.910494804382324,0.0029370784759521484,"LogisticRegression(C=10000, max_iter=3000)",0.8358627224316508,microsoft/deberta-v3-base,12,0.029857710818162797,10
10.009346008300781,0.003996849060058594,"LogisticRegression(C=10000, max_iter=3000)",0.5989714727296426,microsoft/deberta-v3-large,1,0.03076040974591699,10
9.817936897277832,0.001811981201171875,"LogisticRegression(C=10000, max_iter=3000)",0.631443249187254,microsoft/deberta-v3-large,1,0.06743103863491037,10
11.416245937347412,0.0020818710327148438,"LogisticRegression(C=10000, max_iter=3000)",0.6161367049671143,microsoft/deberta-v3-large,1,0.06714265629702265,10
9.847310066223145,0.0020999908447265625,"LogisticRegression(C=10000, max_iter=3000)",0.721667066687799,microsoft/deberta-v3-large,1,0.03924487035598147,10
11.372100114822388,0.002477884292602539,"LogisticRegression(C=10000, max_iter=3000)",0.7032046541007116,microsoft/deberta-v3-large,1,0.05138835638030485,10
10.514766216278076,0.0019106864929199219,"LogisticRegression(C=10000, max_iter=3000)",0.6437507972341433,microsoft/deberta-v3-large,1,0.033286414786807564,10
8.534358024597168,0.0019390583038330078,"LogisticRegression(C=10000, max_iter=3000)",0.6210942412391688,microsoft/deberta-v3-large,1,0.03632195508505781,10
8.762238025665283,0.0020699501037597656,"LogisticRegression(C=10000, max_iter=3000)",0.6328349895888022,microsoft/deberta-v3-large,1,0.027736625514403295,10
8.055702924728394,0.001974821090698242,"LogisticRegression(C=10000, max_iter=3000)",0.6698451342895788,microsoft/deberta-v3-large,1,0.03891267883929276,10
6.986992120742798,0.001995086669921875,"LogisticRegression(C=10000, max_iter=3000)",0.6797919771132318,microsoft/deberta-v3-large,1,0.0380625517501524,10
10.113899946212769,0.002092123031616211,"LogisticRegression(C=10000, max_iter=3000)",0.6690267794746027,microsoft/deberta-v3-large,1,0.03388528101171779,10
10.632234811782837,0.0021331310272216797,"LogisticRegression(C=10000, max_iter=3000)",0.6344174355199518,microsoft/deberta-v3-large,1,0.024888742101856858,10
10.723867177963257,0.043065786361694336,"LogisticRegression(C=10000, max_iter=3000)",0.7123066679946525,microsoft/deberta-v3-large,1,0.033468145682479696,10
14.329269886016846,0.0023469924926757812,"LogisticRegression(C=10000, max_iter=3000)",0.6260381889892045,microsoft/deberta-v3-large,1,0.04190854909245714,10
9.692210912704468,0.0019369125366210938,"LogisticRegression(C=10000, max_iter=3000)",0.6510298343631677,microsoft/deberta-v3-large,1,0.033559119096753506,10
10.755790710449219,0.0021371841430664062,"LogisticRegression(C=10000, max_iter=3000)",0.6900053848699975,microsoft/deberta-v3-large,1,0.021936072374668863,10
10.571642875671387,0.002355337142944336,"LogisticRegression(C=10000, max_iter=3000)",0.6330681268543588,microsoft/deberta-v3-large,1,0.04462375099121273,10
10.486151933670044,0.002123117446899414,"LogisticRegression(C=10000, max_iter=3000)",0.6882393897948474,microsoft/deberta-v3-large,1,0.043094215678756743,10
11.50910496711731,0.0021309852600097656,"LogisticRegression(C=10000, max_iter=3000)",0.6609997349171045,microsoft/deberta-v3-large,1,0.04402530818652823,10
10.561496019363403,0.002088785171508789,"LogisticRegression(C=10000, max_iter=3000)",0.6368101293120576,microsoft/deberta-v3-large,1,0.04801774908599,10
1.3982391357421875,0.0023407936096191406,"LogisticRegression(C=10000, max_iter=3000)",0.7816459663954218,microsoft/deberta-v3-large,6,0.02073256979634436,10
1.4322547912597656,0.0021240711212158203,"LogisticRegression(C=10000, max_iter=3000)",0.8386757250750295,microsoft/deberta-v3-large,6,0.056310865731155575,10
1.4583628177642822,0.0023360252380371094,"LogisticRegression(C=10000, max_iter=3000)",0.8121025468520022,microsoft/deberta-v3-large,6,0.03590624440865987,10
1.5458722114562988,0.0023658275604248047,"LogisticRegression(C=10000, max_iter=3000)",0.8513026599707069,microsoft/deberta-v3-large,6,0.04432141932141932,10
1.408951759338379,0.002067089080810547,"LogisticRegression(C=10000, max_iter=3000)",0.8683111531964188,microsoft/deberta-v3-large,6,0.02981110267911312,10
1.37031888961792,0.0021262168884277344,"LogisticRegression(C=10000, max_iter=3000)",0.8179873624318069,microsoft/deberta-v3-large,6,0.024030489868999187,10
1.467728853225708,0.0021309852600097656,"LogisticRegression(C=10000, max_iter=3000)",0.8392768779538299,microsoft/deberta-v3-large,6,0.03391191609582414,10
1.397367000579834,0.0021278858184814453,"LogisticRegression(C=10000, max_iter=3000)",0.8500095248283654,microsoft/deberta-v3-large,6,0.022281524043839228,10
1.5557219982147217,0.002105712890625,"LogisticRegression(C=10000, max_iter=3000)",0.8379530877322457,microsoft/deberta-v3-large,6,0.050497002392427236,10
1.3944993019104004,0.003902912139892578,"LogisticRegression(C=10000, max_iter=3000)",0.8002353929246039,microsoft/deberta-v3-large,6,0.02163101950708148,10
1.4237399101257324,0.002193927764892578,"LogisticRegression(C=10000, max_iter=3000)",0.8489688482827523,microsoft/deberta-v3-large,6,0.02824152077883421,10
1.5647571086883545,0.0022580623626708984,"LogisticRegression(C=10000, max_iter=3000)",0.8479891918780809,microsoft/deberta-v3-large,6,0.019576719576719574,10
1.3434488773345947,0.002128124237060547,"LogisticRegression(C=10000, max_iter=3000)",0.8361187988965767,microsoft/deberta-v3-large,6,0.05918719424466551,10
1.3425278663635254,0.002131938934326172,"LogisticRegression(C=10000, max_iter=3000)",0.8167622407188417,microsoft/deberta-v3-large,6,0.040654270283899924,10
1.3911058902740479,0.0022950172424316406,"LogisticRegression(C=10000, max_iter=3000)",0.7867690914749739,microsoft/deberta-v3-large,6,0.04159356725146199,10
1.566046953201294,0.003612041473388672,"LogisticRegression(C=10000, max_iter=3000)",0.892509442606061,microsoft/deberta-v3-large,6,0.03791042182855048,10
1.7189931869506836,0.002324819564819336,"LogisticRegression(C=10000, max_iter=3000)",0.8101377813455107,microsoft/deberta-v3-large,6,0.0560783821653387,10
1.5372440814971924,0.002146005630493164,"LogisticRegression(C=10000, max_iter=3000)",0.833472404317815,microsoft/deberta-v3-large,6,0.027573547504453694,10
1.4269471168518066,0.0020999908447265625,"LogisticRegression(C=10000, max_iter=3000)",0.853840647370059,microsoft/deberta-v3-large,6,0.03518714481677445,10
1.5002150535583496,0.002106904983520508,"LogisticRegression(C=10000, max_iter=3000)",0.9015624168363544,microsoft/deberta-v3-large,6,0.03836231782048761,10
1.0642952919006348,0.0023207664489746094,"LogisticRegression(C=10000, max_iter=3000)",0.7528872310493555,microsoft/deberta-v3-large,12,0.044432249880214505,10
1.08787202835083,0.0022509098052978516,"LogisticRegression(C=10000, max_iter=3000)",0.8480659437181175,microsoft/deberta-v3-large,12,0.016722940799612142,10
1.147171974182129,0.0020689964294433594,"LogisticRegression(C=10000, max_iter=3000)",0.7972063513918677,microsoft/deberta-v3-large,12,0.030881089581929175,10
0.9730031490325928,0.003239870071411133,"LogisticRegression(C=10000, max_iter=3000)",0.8482292629092147,microsoft/deberta-v3-large,12,0.05126698968301105,10
0.9844882488250732,0.002101898193359375,"LogisticRegression(C=10000, max_iter=3000)",0.8459590752183346,microsoft/deberta-v3-large,12,0.01920634920634921,10
1.0172250270843506,0.001971006393432617,"LogisticRegression(C=10000, max_iter=3000)",0.8351266761955168,microsoft/deberta-v3-large,12,0.017566562546482225,10
1.0218749046325684,0.0020720958709716797,"LogisticRegression(C=10000, max_iter=3000)",0.8324523516090037,microsoft/deberta-v3-large,12,0.058561849039398504,10
1.0240120887756348,0.0021157264709472656,"LogisticRegression(C=10000, max_iter=3000)",0.8255898368604593,microsoft/deberta-v3-large,12,0.025172358505691838,10
1.051279067993164,0.002131938934326172,"LogisticRegression(C=10000, max_iter=3000)",0.8525047146573607,microsoft/deberta-v3-large,12,0.01850162719727937,10
1.0461750030517578,0.0022978782653808594,"LogisticRegression(C=10000, max_iter=3000)",0.774862151044919,microsoft/deberta-v3-large,12,0.03763681073119544,10
1.0551989078521729,0.002251148223876953,"LogisticRegression(C=10000, max_iter=3000)",0.8557481465208642,microsoft/deberta-v3-large,12,0.0256852181536898,10
1.2231099605560303,0.002382040023803711,"LogisticRegression(C=10000, max_iter=3000)",0.8041893291893291,microsoft/deberta-v3-large,12,0.03711983368846114,10
1.0484120845794678,0.0020780563354492188,"LogisticRegression(C=10000, max_iter=3000)",0.8438273030496044,microsoft/deberta-v3-large,12,0.03057566427131644,10
1.2039408683776855,0.002276182174682617,"LogisticRegression(C=10000, max_iter=3000)",0.8217187158241771,microsoft/deberta-v3-large,12,0.0463871309915501,10
0.9268946647644043,0.0022993087768554688,"LogisticRegression(C=10000, max_iter=3000)",0.7901807895375147,microsoft/deberta-v3-large,12,0.05396741643248569,10
1.1221680641174316,0.002063751220703125,"LogisticRegression(C=10000, max_iter=3000)",0.8667434937807067,microsoft/deberta-v3-large,12,0.04288757478299962,10
1.1167020797729492,0.0023059844970703125,"LogisticRegression(C=10000, max_iter=3000)",0.8275477131391108,microsoft/deberta-v3-large,12,0.03585084387516018,10
1.1486239433288574,0.0020987987518310547,"LogisticRegression(C=10000, max_iter=3000)",0.8329851271786757,microsoft/deberta-v3-large,12,0.023179033646022376,10
1.0188229084014893,0.0022881031036376953,"LogisticRegression(C=10000, max_iter=3000)",0.8390364624244405,microsoft/deberta-v3-large,12,0.02821477774529418,10
1.112638235092163,0.0021257400512695312,"LogisticRegression(C=10000, max_iter=3000)",0.8816975384608234,microsoft/deberta-v3-large,12,0.03842843043404053,10
1.5873677730560303,0.0022652149200439453,"LogisticRegression(C=10000, max_iter=3000)",0.7302879594382864,microsoft/deberta-v3-large,18,0.02276094276094276,10
1.5064308643341064,0.0021660327911376953,"LogisticRegression(C=10000, max_iter=3000)",0.8040035273368608,microsoft/deberta-v3-large,18,0.025075403215499836,10
1.5599188804626465,0.002276182174682617,"LogisticRegression(C=10000, max_iter=3000)",0.7713421325161366,microsoft/deberta-v3-large,18,0.04523463355991537,10
1.5532851219177246,0.00209808349609375,"LogisticRegression(C=10000, max_iter=3000)",0.7911829090573053,microsoft/deberta-v3-large,18,0.03854813139587811,10
1.5157930850982666,0.0021457672119140625,"LogisticRegression(C=10000, max_iter=3000)",0.751069716615823,microsoft/deberta-v3-large,18,0.019224912771265517,10
1.5573041439056396,0.0023238658905029297,"LogisticRegression(C=10000, max_iter=3000)",0.8666094817986926,microsoft/deberta-v3-large,18,0.031932704590656655,10
1.5861258506774902,0.002087116241455078,"LogisticRegression(C=10000, max_iter=3000)",0.8210697688858608,microsoft/deberta-v3-large,18,0.03659003516688526,10
1.434589147567749,0.0022690296173095703,"LogisticRegression(C=10000, max_iter=3000)",0.7718703762360003,microsoft/deberta-v3-large,18,0.04601612379390157,10
1.6444039344787598,0.0035860538482666016,"LogisticRegression(C=10000, max_iter=3000)",0.8350271304239558,microsoft/deberta-v3-large,18,0.024821485806881413,10
1.531520128250122,0.0021398067474365234,"LogisticRegression(C=10000, max_iter=3000)",0.8034477182625331,microsoft/deberta-v3-large,18,0.04185400177404174,10
1.4851109981536865,0.002218961715698242,"LogisticRegression(C=10000, max_iter=3000)",0.8595109798554798,microsoft/deberta-v3-large,18,0.025282696657461252,10
1.6563451290130615,0.0021088123321533203,"LogisticRegression(C=10000, max_iter=3000)",0.8376140623863757,microsoft/deberta-v3-large,18,0.04017642545878428,10
1.4909539222717285,0.0023381710052490234,"LogisticRegression(C=10000, max_iter=3000)",0.8155168056134241,microsoft/deberta-v3-large,18,0.026512924661072808,10
1.4777140617370605,0.002285003662109375,"LogisticRegression(C=10000, max_iter=3000)",0.7846438081405401,microsoft/deberta-v3-large,18,0.01591607256708978,10
1.589629888534546,0.002110004425048828,"LogisticRegression(C=10000, max_iter=3000)",0.7392112239993557,microsoft/deberta-v3-large,18,0.047348420299239975,10
1.5312058925628662,0.0022821426391601562,"LogisticRegression(C=10000, max_iter=3000)",0.8181646834138888,microsoft/deberta-v3-large,18,0.060313170693287656,10
1.6328630447387695,0.0020139217376708984,"LogisticRegression(C=10000, max_iter=3000)",0.7742002442002444,microsoft/deberta-v3-large,18,0.040452911861762884,10
1.5105359554290771,0.002878904342651367,"LogisticRegression(C=10000, max_iter=3000)",0.8171420362677194,microsoft/deberta-v3-large,18,0.02874594448807342,10
1.5595688819885254,0.0021293163299560547,"LogisticRegression(C=10000, max_iter=3000)",0.8390748855145519,microsoft/deberta-v3-large,18,0.026913971813789666,10
1.577157735824585,0.002106189727783203,"LogisticRegression(C=10000, max_iter=3000)",0.8426356723092985,microsoft/deberta-v3-large,18,0.0591101447826594,10
1.9857971668243408,0.002135753631591797,"LogisticRegression(C=10000, max_iter=3000)",0.7327353884472385,microsoft/deberta-v3-large,24,0.026943869335173683,10
2.3391759395599365,0.0021860599517822266,"LogisticRegression(C=10000, max_iter=3000)",0.7955344123724987,microsoft/deberta-v3-large,24,0.02328632287552476,10
2.238956928253174,0.0021619796752929688,"LogisticRegression(C=10000, max_iter=3000)",0.784581883603198,microsoft/deberta-v3-large,24,0.020262590632961004,10
2.4218029975891113,0.002135038375854492,"LogisticRegression(C=10000, max_iter=3000)",0.8551351832994345,microsoft/deberta-v3-large,24,0.030666756344722445,10
2.311771869659424,0.002123117446899414,"LogisticRegression(C=10000, max_iter=3000)",0.7893183123575667,microsoft/deberta-v3-large,24,0.06048816407496594,10
2.144723892211914,0.0033490657806396484,"LogisticRegression(C=10000, max_iter=3000)",0.819797478644097,microsoft/deberta-v3-large,24,0.06913431211600266,10
2.296452760696411,0.0036742687225341797,"LogisticRegression(C=10000, max_iter=3000)",0.7686377258582864,microsoft/deberta-v3-large,24,0.03014269680936348,10
2.1386477947235107,0.0033829212188720703,"LogisticRegression(C=10000, max_iter=3000)",0.7691908902614953,microsoft/deberta-v3-large,24,0.03997990335523864,10
2.2920210361480713,0.0023317337036132812,"LogisticRegression(C=10000, max_iter=3000)",0.7525072464050344,microsoft/deberta-v3-large,24,0.044407084248623586,10
2.270336151123047,0.0021257400512695312,"LogisticRegression(C=10000, max_iter=3000)",0.8020285561166064,microsoft/deberta-v3-large,24,0.0705566778304145,10
2.432058095932007,0.002621889114379883,"LogisticRegression(C=10000, max_iter=3000)",0.8065896098575837,microsoft/deberta-v3-large,24,0.030831844953199836,10
2.3937761783599854,0.003371000289916992,"LogisticRegression(C=10000, max_iter=3000)",0.8268795399882224,microsoft/deberta-v3-large,24,0.030223283707219446,10
2.2424938678741455,0.0021440982818603516,"LogisticRegression(C=10000, max_iter=3000)",0.8041703463587552,microsoft/deberta-v3-large,24,0.038216029151701664,10
2.3243350982666016,0.0021162033081054688,"LogisticRegression(C=10000, max_iter=3000)",0.7723965100155576,microsoft/deberta-v3-large,24,0.04609694274477702,10
2.1015028953552246,0.0021729469299316406,"LogisticRegression(C=10000, max_iter=3000)",0.7774787370384205,microsoft/deberta-v3-large,24,0.020543026169624636,10
2.6318228244781494,0.002290964126586914,"LogisticRegression(C=10000, max_iter=3000)",0.7896075089944821,microsoft/deberta-v3-large,24,0.03732504548724251,10
2.2160680294036865,0.003473997116088867,"LogisticRegression(C=10000, max_iter=3000)",0.7423481953251346,microsoft/deberta-v3-large,24,0.06118196758988236,10
2.3228278160095215,0.002161264419555664,"LogisticRegression(C=10000, max_iter=3000)",0.7849654081655016,microsoft/deberta-v3-large,24,0.039109021556839395,10
2.1747000217437744,0.0022478103637695312,"LogisticRegression(C=10000, max_iter=3000)",0.8428830833022822,microsoft/deberta-v3-large,24,0.025219552714844617,10
2.216865062713623,0.0021407604217529297,"LogisticRegression(C=10000, max_iter=3000)",0.8257953838670424,microsoft/deberta-v3-large,24,0.05122212027124529,10
